0,1,2,3,4,5,6,7,8,9,10,11,12
andhra pradesh,2001,35.0,84.0,0.0,57.0,7.0,22.0,12.0,0.0,6.0,47.0,270.0
arunachal pradesh,2001,0.0,0.0,0.0,0.0,0.0,0.0,0.0,0.0,0.0,0.0,0.0
assam,2001,0.0,0.0,0.0,18.0,0.0,0.0,0.0,0.0,0.0,0.0,18.0
bihar,2001,2.0,16.0,0.0,26.0,0.0,1.0,16.0,1.0,2.0,18.0,83.0
chhattisgarh,2001,14.0,150.0,5.0,46.0,1.0,15.0,0.0,0.0,0.0,354.0,585.0
goa,2001,1.0,10.0,0.0,6.0,0.0,3.0,2.0,0.0,0.0,12.0,34.0
gujarat,2001,78.0,39.0,4.0,120.0,0.0,112.0,18.0,0.0,11.0,190.0,572.0
haryana,2001,31.0,108.0,3.0,124.0,0.0,16.0,5.0,2.0,0.0,74.0,363.0
himachal pradesh,2001,5.0,35.0,0.0,20.0,0.0,15.0,0.0,0.0,0.0,7.0,82.0
jammu & kashmir,2001,2.0,6.0,0.0,15.0,0.0,4.0,0.0,0.0,0.0,1.0,28.0
jharkhand,2001,5.0,11.0,0.0,4.0,0.0,0.0,1.0,0.0,0.0,20.0,41.0
karnataka,2001,3.0,18.0,1.0,18.0,0.0,15.0,1.0,2.0,1.0,9.0,68.0
kerala,2001,76.0,64.0,0.0,28.0,0.0,9.0,4.0,0.0,3.0,63.0,247.0
madhya pradesh,2001,103.0,390.0,7.0,100.0,8.0,69.0,4.0,0.0,4.0,740.0,1425.0
maharashtra,2001,203.0,367.0,17.0,210.0,4.0,281.0,21.0,1.0,43.0,473.0,1621.0
manipur,2001,0.0,0.0,0.0,0.0,0.0,0.0,0.0,0.0,0.0,0.0,0.0
meghalaya,2001,0.0,0.0,0.0,0.0,0.0,0.0,0.0,0.0,0.0,0.0,0.0
mizoram,2001,0.0,0.0,0.0,0.0,0.0,0.0,0.0,0.0,0.0,0.0,0.0
nagaland,2001,0.0,0.0,0.0,0.0,0.0,0.0,0.0,0.0,0.0,0.0,0.0
odisha,2001,2.0,17.0,0.0,22.0,4.0,1.0,0.0,0.0,0.0,22.0,68.0
punjab,2001,20.0,38.0,7.0,35.0,0.0,3.0,7.0,0.0,0.0,13.0,123.0
rajasthan,2001,19.0,35.0,8.0,62.0,1.0,54.0,0.0,0.0,10.0,29.0,218.0
sikkim,2001,1.0,4.0,0.0,0.0,0.0,0.0,0.0,0.0,0.0,0.0,5.0
tamil nadu,2001,24.0,20.0,0.0,7.0,1.0,1.0,0.0,0.0,0.0,8.0,61.0
tripura,2001,0.0,0.0,0.0,0.0,0.0,0.0,0.0,0.0,0.0,0.0,0.0
uttar pradesh,2001,489.0,562.0,1.0,1185.0,0.0,0.0,29.0,1.0,1.0,1440.0,3709.0
uttarakhand,2001,9.0,9.0,0.0,16.0,0.0,0.0,7.0,0.0,0.0,5.0,46.0
west bengal,2001,3.0,12.0,0.0,86.0,0.0,0.0,9.0,2.0,0.0,52.0,167.0
a&n islands,2001,0.0,0.0,0.0,0.0,0.0,0.0,0.0,0.0,0.0,0.0,0.0
chandigarh,2001,0.0,8.0,0.0,32.0,0.0,5.0,0.0,0.0,2.0,11.0,58.0
d&n haveli,2001,0.0,0.0,0.0,0.0,0.0,0.0,0.0,0.0,0.0,0.0,0.0
daman & diu,2001,0.0,0.0,0.0,0.0,0.0,0.0,0.0,0.0,0.0,0.0,0.0
delhi,2001,22.0,113.0,2.0,612.0,0.0,60.0,3.0,1.0,0.0,99.0,912.0
lakshadweep,2001,1.0,0.0,0.0,0.0,0.0,0.0,0.0,0.0,0.0,0.0,1.0
puducherry,2001,1.0,4.0,0.0,0.0,0.0,0.0,0.0,0.0,0.0,0.0,5.0
andhra pradesh,2002,43.0,137.0,0.0,86.0,13.0,5.0,9.0,0.0,6.0,33.0,333.0
arunachal pradesh,2002,0.0,3.0,0.0,3.0,0.0,0.0,0.0,0.0,0.0,0.0,6.0
assam,2002,2.0,3.0,0.0,1.0,0.0,0.0,6.0,0.0,1.0,1.0,14.0
bihar,2002,10.0,3.0,1.0,26.0,0.0,1.0,9.0,0.0,1.0,6.0,57.0
chhattisgarh,2002,28.0,182.0,0.0,45.0,1.0,17.0,0.0,0.0,26.0,434.0,733.0
goa,2002,2.0,7.0,0.0,4.0,0.0,5.0,2.0,0.0,0.0,11.0,31.0
gujarat,2002,68.0,67.0,9.0,273.0,1.0,76.0,0.0,0.0,38.0,178.0,710.0
haryana,2002,22.0,84.0,6.0,54.0,0.0,15.0,0.0,1.0,1.0,52.0,235.0
himachal pradesh,2002,5.0,26.0,6.0,24.0,0.0,8.0,3.0,0.0,3.0,16.0,91.0
jammu & kashmir,2002,2.0,7.0,2.0,23.0,0.0,4.0,0.0,0.0,0.0,4.0,42.0
jharkhand,2002,3.0,43.0,0.0,21.0,0.0,0.0,5.0,0.0,0.0,39.0,111.0
karnataka,2002,28.0,19.0,7.0,23.0,0.0,10.0,7.0,1.0,1.0,18.0,114.0
kerala,2002,64.0,54.0,2.0,31.0,0.0,9.0,6.0,0.0,6.0,68.0,240.0
madhya pradesh,2002,94.0,517.0,4.0,154.0,1.0,91.0,5.0,1.0,2.0,1460.0,2329.0
maharashtra,2002,248.0,491.0,10.0,275.0,6.0,282.0,34.0,1.0,18.0,487.0,1860.0
manipur,2002,0.0,0.0,0.0,0.0,0.0,0.0,0.0,0.0,0.0,0.0,0.0
meghalaya,2002,0.0,1.0,0.0,0.0,0.0,0.0,0.0,0.0,0.0,0.0,1.0
mizoram,2002,0.0,0.0,0.0,0.0,0.0,0.0,0.0,0.0,0.0,0.0,0.0
nagaland,2002,0.0,0.0,0.0,0.0,0.0,0.0,0.0,0.0,0.0,0.0,0.0
odisha,2002,7.0,21.0,0.0,8.0,0.0,0.0,4.0,0.0,0.0,16.0,56.0
punjab,2002,13.0,52.0,10.0,62.0,0.0,0.0,5.0,0.0,1.0,18.0,161.0
rajasthan,2002,20.0,38.0,6.0,52.0,0.0,79.0,2.0,0.0,7.0,0.0,204.0
sikkim,2002,2.0,4.0,0.0,0.0,0.0,0.0,0.0,0.0,0.0,0.0,6.0
tamil nadu,2002,45.0,29.0,0.0,29.0,0.0,5.0,0.0,0.0,0.0,27.0,135.0
tripura,2002,0.0,0.0,0.0,0.0,0.0,0.0,0.0,0.0,0.0,0.0,0.0
uttar pradesh,2002,424.0,416.0,1.0,539.0,0.0,0.0,4.0,0.0,2.0,440.0,1826.0
uttarakhand,2002,7.0,8.0,0.0,3.0,0.0,0.0,9.0,0.0,0.0,0.0,27.0
west bengal,2002,4.0,16.0,0.0,94.0,0.0,0.0,14.0,1.0,0.0,46.0,175.0
a&n islands,2002,0.0,0.0,0.0,0.0,0.0,0.0,0.0,0.0,0.0,0.0,0.0
chandigarh,2002,3.0,6.0,0.0,22.0,1.0,8.0,0.0,0.0,0.0,9.0,49.0
d&n haveli,2002,0.0,0.0,0.0,0.0,0.0,0.0,0.0,0.0,0.0,0.0,0.0
daman & diu,2002,0.0,0.0,0.0,0.0,0.0,0.0,0.0,0.0,0.0,0.0,0.0
delhi,2002,29.0,138.0,20.0,426.0,0.0,29.0,0.0,0.0,0.0,55.0,697.0
lakshadweep,2002,0.0,0.0,0.0,0.0,0.0,0.0,0.0,0.0,0.0,0.0,0.0
puducherry,2002,2.0,4.0,0.0,4.0,1.0,0.0,0.0,0.0,0.0,6.0,17.0
andhra pradesh,2003,119.0,383.0,0.0,373.0,3.0,36.0,46.0,1.0,4.0,498.0,1463.0
arunachal pradesh,2003,0.0,9.0,0.0,9.0,0.0,0.0,0.0,0.0,0.0,0.0,18.0
assam,2003,2.0,5.0,0.0,0.0,0.0,0.0,12.0,0.0,0.0,0.0,19.0
bihar,2003,8.0,3.0,0.0,33.0,0.0,1.0,1.0,0.0,0.0,10.0,56.0
chhattisgarh,2003,29.0,186.0,6.0,45.0,4.0,3.0,0.0,0.0,6.0,335.0,614.0
goa,2003,0.0,22.0,0.0,9.0,0.0,5.0,5.0,0.0,0.0,16.0,57.0
gujarat,2003,49.0,75.0,4.0,267.0,0.0,82.0,2.0,0.0,11.0,175.0,665.0
haryana,2003,24.0,77.0,2.0,92.0,0.0,24.0,3.0,0.0,3.0,62.0,287.0
himachal pradesh,2003,5.0,36.0,0.0,23.0,0.0,11.0,4.0,1.0,1.0,28.0,109.0
jammu & kashmir,2003,0.0,2.0,0.0,38.0,0.0,2.0,0.0,0.0,0.0,7.0,49.0
jharkhand,2003,7.0,16.0,1.0,3.0,0.0,0.0,5.0,0.0,0.0,3.0,35.0
karnataka,2003,23.0,25.0,0.0,29.0,0.0,11.0,1.0,0.0,2.0,25.0,116.0
kerala,2003,31.0,69.0,0.0,23.0,0.0,1.0,7.0,0.0,0.0,48.0,179.0
madhya pradesh,2003,165.0,699.0,11.0,210.0,9.0,90.0,13.0,25.0,3.0,1437.0,2662.0
maharashtra,2003,206.0,605.0,5.0,337.0,5.0,293.0,20.0,3.0,16.0,506.0,2001.0
manipur,2003,1.0,7.0,0.0,26.0,0.0,0.0,0.0,0.0,0.0,2.0,36.0
meghalaya,2003,14.0,24.0,0.0,8.0,0.0,0.0,0.0,0.0,0.0,0.0,46.0
mizoram,2003,5.0,9.0,0.0,3.0,0.0,0.0,0.0,0.0,0.0,0.0,17.0
nagaland,2003,0.0,0.0,0.0,0.0,0.0,0.0,0.0,0.0,0.0,0.0,0.0
odisha,2003,15.0,55.0,0.0,25.0,1.0,0.0,4.0,0.0,0.0,40.0,140.0
punjab,2003,25.0,54.0,11.0,67.0,0.0,9.0,0.0,0.0,2.0,16.0,184.0
rajasthan,2003,26.0,49.0,12.0,46.0,0.0,97.0,1.0,0.0,6.0,2.0,240.0
sikkim,2003,1.0,8.0,0.0,0.0,1.0,0.0,0.0,0.0,0.0,5.0,15.0
tamil nadu,2003,60.0,47.0,0.0,37.0,0.0,7.0,0.0,0.0,3.0,23.0,177.0
tripura,2003,0.0,0.0,0.0,0.0,0.0,0.0,0.0,0.0,0.0,0.0,0.0
uttar pradesh,2003,458.0,301.0,3.0,561.0,2.0,0.0,28.0,0.0,4.0,345.0,1702.0
uttarakhand,2003,3.0,11.0,0.0,2.0,0.0,0.0,7.0,0.0,0.0,0.0,23.0
west bengal,2003,2.0,16.0,0.0,32.0,0.0,0.0,12.0,6.0,1.0,61.0,148.0
a&n islands,2003,1.0,2.0,0.0,1.0,0.0,0.0,0.0,0.0,0.0,2.0,6.0
chandigarh,2003,3.0,9.0,0.0,14.0,0.0,11.0,0.0,0.0,0.0,3.0,40.0
d&n haveli,2003,0.0,0.0,0.0,1.0,0.0,0.0,0.0,0.0,0.0,0.0,1.0
daman & diu,2003,0.0,4.0,0.0,1.0,0.0,0.0,0.0,0.0,0.0,1.0,6.0
delhi,2003,32.0,140.0,2.0,255.0,0.0,39.0,0.0,0.0,1.0,47.0,516.0
lakshadweep,2003,0.0,0.0,0.0,0.0,0.0,0.0,0.0,0.0,0.0,1.0,1.0
puducherry,2003,1.0,1.0,0.0,1.0,0.0,0.0,0.0,0.0,0.0,2.0,5.0
andhra pradesh,2004,71.0,363.0,0.0,396.0,2.0,26.0,60.0,0.0,4.0,406.0,1328.0
arunachal pradesh,2004,0.0,11.0,0.0,8.0,0.0,0.0,0.0,0.0,0.0,3.0,22.0
assam,2004,1.0,7.0,0.0,3.0,0.0,0.0,8.0,1.0,1.0,0.0,21.0
bihar,2004,9.0,3.0,1.0,29.0,0.0,1.0,7.0,1.0,3.0,5.0,59.0
chhattisgarh,2004,44.0,308.0,6.0,70.0,6.0,14.0,1.0,0.0,14.0,477.0,940.0
goa,2004,2.0,20.0,0.0,9.0,0.0,1.0,1.0,0.0,0.0,20.0,53.0
gujarat,2004,74.0,96.0,0.0,300.0,1.0,95.0,5.0,0.0,30.0,198.0,799.0
haryana,2004,23.0,24.0,15.0,42.0,1.0,15.0,0.0,0.0,2.0,42.0,164.0
himachal pradesh,2004,5.0,32.0,2.0,26.0,0.0,13.0,0.0,0.0,2.0,12.0,92.0
jammu & kashmir,2004,1.0,4.0,0.0,27.0,0.0,1.0,0.0,0.0,0.0,2.0,35.0
jharkhand,2004,6.0,43.0,1.0,18.0,0.0,0.0,5.0,0.0,0.0,39.0,112.0
karnataka,2004,54.0,42.0,4.0,41.0,1.0,17.0,4.0,0.0,1.0,25.0,189.0
kerala,2004,51.0,159.0,0.0,54.0,0.0,0.0,20.0,0.0,1.0,56.0,341.0
madhya pradesh,2004,144.0,710.0,9.0,179.0,5.0,115.0,2.0,0.0,2.0,2487.0,3653.0
maharashtra,2004,187.0,634.0,15.0,380.0,8.0,249.0,14.0,3.0,14.0,766.0,2281.0
manipur,2004,0.0,4.0,0.0,27.0,0.0,0.0,0.0,0.0,0.0,0.0,31.0
meghalaya,2004,0.0,0.0,0.0,0.0,0.0,0.0,0.0,0.0,0.0,0.0,0.0
mizoram,2004,0.0,0.0,0.0,0.0,0.0,0.0,0.0,0.0,0.0,0.0,0.0
nagaland,2004,0.0,1.0,0.0,0.0,0.0,0.0,0.0,0.0,0.0,0.0,1.0
odisha,2004,9.0,31.0,0.0,11.0,0.0,0.0,3.0,0.0,1.0,74.0,129.0
punjab,2004,42.0,54.0,8.0,53.0,1.0,12.0,0.0,1.0,2.0,20.0,193.0
rajasthan,2004,21.0,137.0,17.0,128.0,0.0,90.0,1.0,1.0,2.0,5.0,403.0
sikkim,2004,2.0,1.0,1.0,2.0,0.0,0.0,0.0,0.0,0.0,2.0,8.0
tamil nadu,2004,71.0,166.0,0.0,93.0,3.0,20.0,6.0,0.0,5.0,29.0,393.0
tripura,2004,5.0,28.0,0.0,14.0,0.0,0.0,0.0,0.0,0.0,12.0,59.0
uttar pradesh,2004,528.0,394.0,2.0,735.0,4.0,0.0,23.0,0.0,1.0,234.0,1921.0
uttarakhand,2004,4.0,17.0,0.0,2.0,0.0,1.0,32.0,0.0,0.0,0.0,56.0
west bengal,2004,2.0,19.0,0.0,99.0,1.0,0.0,13.0,12.0,8.0,43.0,206.0
a&n islands,2004,1.0,8.0,0.0,3.0,0.0,0.0,0.0,0.0,0.0,2.0,14.0
chandigarh,2004,3.0,13.0,0.0,36.0,0.0,11.0,0.0,0.0,0.0,3.0,66.0
d&n haveli,2004,3.0,0.0,1.0,7.0,0.0,0.0,0.0,0.0,0.0,0.0,11.0
daman & diu,2004,0.0,1.0,0.0,0.0,0.0,1.0,0.0,0.0,0.0,0.0,2.0
delhi,2004,41.0,186.0,4.0,371.0,0.0,33.0,0.0,0.0,0.0,131.0,766.0
lakshadweep,2004,0.0,0.0,0.0,0.0,0.0,0.0,0.0,0.0,0.0,0.0,0.0
puducherry,2004,1.0,4.0,0.0,4.0,0.0,0.0,0.0,0.0,0.0,3.0,12.0
andhra pradesh,2005,57.0,315.0,1.0,332.0,4.0,99.0,48.0,2.0,9.0,74.0,950.0
arunachal pradesh,2005,0.0,10.0,0.0,12.0,0.0,0.0,0.0,0.0,0.0,0.0,22.0
assam,2005,13.0,90.0,1.0,18.0,5.0,0.0,0.0,2.0,0.0,70.0,199.0
bihar,2005,26.0,8.0,0.0,72.0,0.0,0.0,5.0,0.0,4.0,0.0,115.0
chhattisgarh,2005,37.0,382.0,21.0,110.0,8.0,6.0,0.0,0.0,3.0,430.0,997.0
goa,2005,4.0,15.0,0.0,11.0,0.0,2.0,0.0,0.0,0.0,21.0,53.0
gujarat,2005,76.0,90.0,4.0,285.0,1.0,141.0,12.0,0.0,25.0,202.0,836.0
haryana,2005,38.0,131.0,8.0,101.0,0.0,32.0,0.0,0.0,7.0,57.0,374.0
himachal pradesh,2005,6.0,58.0,1.0,37.0,0.0,12.0,0.0,0.0,3.0,14.0,131.0
jammu & kashmir,2005,4.0,4.0,0.0,48.0,0.0,0.0,0.0,0.0,0.0,1.0,57.0
jharkhand,2005,33.0,22.0,0.0,11.0,0.0,0.0,4.0,0.0,0.0,27.0,97.0
karnataka,2005,47.0,48.0,7.0,35.0,1.0,18.0,7.0,0.0,3.0,25.0,191.0
kerala,2005,45.0,140.0,1.0,45.0,1.0,3.0,21.0,0.0,3.0,127.0,386.0
madhya pradesh,2005,150.0,870.0,12.0,240.0,7.0,95.0,4.0,0.0,18.0,2324.0,3721.0
maharashtra,2005,192.0,634.0,4.0,420.0,11.0,321.0,5.0,1.0,22.0,689.0,2305.0
manipur,2005,3.0,4.0,0.0,13.0,0.0,0.0,0.0,0.0,0.0,0.0,20.0
meghalaya,2005,9.0,51.0,0.0,11.0,0.0,0.0,4.0,0.0,0.0,6.0,81.0
mizoram,2005,24.0,37.0,0.0,13.0,0.0,0.0,0.0,0.0,0.0,0.0,74.0
nagaland,2005,0.0,0.0,0.0,0.0,0.0,0.0,0.0,0.0,0.0,0.0,0.0
odisha,2005,10.0,28.0,0.0,16.0,0.0,0.0,0.0,0.0,0.0,32.0,86.0
punjab,2005,26.0,51.0,12.0,59.0,0.0,13.0,2.0,0.0,11.0,36.0,210.0
rajasthan,2005,57.0,246.0,10.0,132.0,0.0,123.0,1.0,1.0,3.0,7.0,580.0
sikkim,2005,1.0,14.0,1.0,2.0,1.0,5.0,0.0,0.0,0.0,1.0,25.0
tamil nadu,2005,54.0,115.0,0.0,69.0,1.0,6.0,0.0,0.0,4.0,39.0,288.0
tripura,2005,1.0,20.0,0.0,6.0,0.0,0.0,0.0,0.0,1.0,0.0,28.0
uttar pradesh,2005,390.0,394.0,0.0,749.0,2.0,0.0,3.0,0.0,4.0,259.0,1801.0
uttarakhand,2005,6.0,18.0,0.0,41.0,0.0,0.0,9.0,0.0,0.0,2.0,76.0
west bengal,2005,2.0,6.0,0.0,102.0,1.0,0.0,20.0,44.0,2.0,57.0,236.0
a&n islands,2005,1.0,2.0,0.0,2.0,0.0,2.0,0.0,0.0,0.0,1.0,8.0
chandigarh,2005,3.0,21.0,0.0,23.0,0.0,7.0,0.0,0.0,0.0,3.0,57.0
d&n haveli,2005,1.0,0.0,0.0,4.0,0.0,0.0,0.0,0.0,0.0,0.0,5.0
daman & diu,2005,1.0,1.0,0.0,2.0,0.0,1.0,0.0,0.0,0.0,0.0,5.0
delhi,2005,34.0,235.0,3.0,507.0,0.0,47.0,0.0,0.0,0.0,191.0,1026.0
lakshadweep,2005,0.0,0.0,0.0,0.0,0.0,0.0,0.0,0.0,0.0,0.0,0.0
puducherry,2005,0.0,3.0,0.0,3.0,0.0,0.0,0.0,0.0,0.0,2.0,8.0
andhra pradesh,2006,61.0,412.0,5.0,498.0,11.0,89.0,35.0,6.0,17.0,247.0,1386.0
arunachal pradesh,2006,0.0,0.0,0.0,27.0,0.0,0.0,0.0,0.0,0.0,0.0,27.0
assam,2006,11.0,61.0,1.0,25.0,5.0,0.0,0.0,1.0,1.0,147.0,252.0
bihar,2006,12.0,17.0,0.0,25.0,0.0,0.0,4.0,0.0,2.0,6.0,66.0
chhattisgarh,2006,48.0,448.0,5.0,113.0,1.0,14.0,0.0,0.0,5.0,604.0,1238.0
goa,2006,3.0,14.0,0.0,10.0,1.0,8.0,1.0,0.0,0.0,17.0,54.0
gujarat,2006,87.0,112.0,6.0,360.0,1.0,150.0,9.0,0.0,12.0,240.0,977.0
haryana,2006,29.0,176.0,9.0,158.0,0.0,24.0,0.0,0.0,7.0,59.0,462.0
himachal pradesh,2006,4.0,41.0,5.0,52.0,1.0,12.0,2.0,0.0,1.0,18.0,136.0
jammu & kashmir,2006,3.0,8.0,0.0,72.0,0.0,1.0,0.0,0.0,0.0,1.0,85.0
jharkhand,2006,10.0,28.0,1.0,11.0,0.0,0.0,26.0,0.0,0.0,36.0,112.0
karnataka,2006,63.0,84.0,13.0,62.0,0.0,31.0,2.0,0.0,6.0,15.0,276.0
kerala,2006,51.0,219.0,0.0,73.0,0.0,4.0,35.0,0.0,1.0,170.0,553.0
madhya pradesh,2006,160.0,829.0,14.0,237.0,12.0,105.0,6.0,0.0,4.0,2572.0,3939.0
maharashtra,2006,207.0,655.0,10.0,552.0,7.0,255.0,15.0,1.0,15.0,1101.0,2841.0
manipur,2006,6.0,15.0,0.0,32.0,0.0,0.0,0.0,0.0,0.0,1.0,54.0
meghalaya,2006,6.0,47.0,0.0,13.0,0.0,0.0,3.0,0.0,2.0,0.0,71.0
mizoram,2006,0.0,35.0,0.0,0.0,0.0,0.0,0.0,0.0,0.0,0.0,35.0
nagaland,2006,3.0,11.0,0.0,0.0,0.0,0.0,0.0,0.0,0.0,0.0,14.0
odisha,2006,13.0,101.0,0.0,17.0,1.0,0.0,0.0,0.0,3.0,19.0,154.0
punjab,2006,24.0,58.0,22.0,169.0,0.0,15.0,0.0,1.0,9.0,31.0,329.0
rajasthan,2006,77.0,311.0,25.0,392.0,0.0,137.0,1.0,0.0,1.0,5.0,951.0
sikkim,2006,4.0,14.0,0.0,6.0,0.0,1.0,0.0,0.0,0.0,10.0,35.0
tamil nadu,2006,60.0,125.0,0.0,118.0,0.0,12.0,1.0,0.0,6.0,31.0,353.0
tripura,2006,3.0,37.0,0.0,0.0,0.0,0.0,0.0,0.0,1.0,0.0,41.0
uttar pradesh,2006,426.0,347.0,2.0,734.0,3.0,0.0,0.0,0.0,0.0,255.0,1767.0
uttarakhand,2006,10.0,23.0,0.0,5.0,0.0,0.0,13.0,0.0,0.0,0.0,51.0
west bengal,2006,3.0,20.0,0.0,156.0,0.0,3.0,77.0,114.0,6.0,49.0,432.0
a&n islands,2006,0.0,5.0,0.0,4.0,0.0,0.0,0.0,0.0,0.0,0.0,9.0
chandigarh,2006,1.0,8.0,0.0,43.0,0.0,11.0,0.0,0.0,0.0,1.0,64.0
d&n haveli,2006,1.0,3.0,0.0,10.0,0.0,1.0,0.0,0.0,0.0,0.0,15.0
daman & diu,2006,1.0,1.0,0.0,1.0,0.0,0.0,0.0,0.0,0.0,0.0,3.0
delhi,2006,62.0,448.0,7.0,1114.0,2.0,36.0,1.0,0.0,0.0,489.0,2160.0
lakshadweep,2006,0.0,0.0,0.0,0.0,0.0,0.0,0.0,0.0,0.0,0.0,0.0
puducherry,2006,1.0,8.0,0.0,13.0,0.0,0.0,0.0,0.0,0.0,3.0,25.0
andhra pradesh,2007,76.0,363.0,0.0,609.0,6.0,35.0,37.0,11.0,21.0,341.0,1499.0
arunachal pradesh,2007,0.0,1.0,0.0,3.0,0.0,0.0,0.0,0.0,0.0,0.0,4.0
assam,2007,2.0,34.0,0.0,29.0,0.0,0.0,0.0,0.0,1.0,101.0,167.0
bihar,2007,88.0,110.0,0.0,421.0,0.0,0.0,36.0,1.0,8.0,11.0,675.0
chhattisgarh,2007,45.0,368.0,10.0,103.0,3.0,7.0,3.0,0.0,4.0,481.0,1024.0
goa,2007,3.0,15.0,0.0,7.0,0.0,6.0,0.0,0.0,0.0,39.0,70.0
gujarat,2007,83.0,98.0,1.0,436.0,0.0,149.0,25.0,0.0,14.0,304.0,1110.0
haryana,2007,20.0,122.0,4.0,107.0,1.0,12.0,0.0,0.0,4.0,55.0,325.0
himachal pradesh,2007,6.0,48.0,1.0,61.0,0.0,6.0,2.0,0.0,1.0,26.0,151.0
jammu & kashmir,2007,0.0,12.0,0.0,8.0,0.0,1.0,0.0,0.0,0.0,5.0,26.0
jharkhand,2007,3.0,23.0,0.0,7.0,0.0,0.0,25.0,0.0,4.0,12.0,74.0
karnataka,2007,53.0,84.0,7.0,62.0,0.0,25.0,8.0,0.0,4.0,23.0,266.0
kerala,2007,38.0,183.0,0.0,73.0,1.0,6.0,22.0,0.0,1.0,163.0,487.0
madhya pradesh,2007,160.0,1043.0,10.0,283.0,5.0,141.0,16.0,2.0,5.0,2625.0,4290.0
maharashtra,2007,213.0,615.0,1.0,590.0,8.0,297.0,13.0,0.0,7.0,932.0,2707.0
manipur,2007,3.0,4.0,0.0,42.0,0.0,0.0,0.0,0.0,0.0,0.0,49.0
meghalaya,2007,12.0,41.0,0.0,9.0,0.0,0.0,8.0,0.0,1.0,0.0,71.0
mizoram,2007,3.0,60.0,0.0,0.0,0.0,0.0,0.0,0.0,0.0,1.0,64.0
nagaland,2007,3.0,2.0,0.0,2.0,0.0,0.0,0.0,0.0,0.0,0.0,7.0
odisha,2007,30.0,92.0,5.0,36.0,0.0,0.0,0.0,0.0,1.0,37.0,201.0
punjab,2007,29.0,135.0,35.0,296.0,0.0,9.0,0.0,0.0,5.0,18.0,527.0
rajasthan,2007,89.0,406.0,16.0,589.0,0.0,146.0,1.0,0.0,3.0,2.0,1252.0
sikkim,2007,1.0,17.0,0.0,5.0,0.0,4.0,0.0,0.0,0.0,4.0,31.0
tamil nadu,2007,54.0,141.0,0.0,197.0,0.0,28.0,2.0,0.0,2.0,17.0,441.0
tripura,2007,9.0,33.0,0.0,11.0,0.0,0.0,0.0,0.0,1.0,9.0,63.0
uttar pradesh,2007,397.0,471.0,1.0,1041.0,0.0,0.0,0.0,0.0,0.0,337.0,2248.0
uttarakhand,2007,14.0,17.0,0.0,46.0,0.0,0.0,1.0,0.0,0.0,23.0,101.0
west bengal,2007,15.0,92.0,1.0,88.0,0.0,1.0,54.0,55.0,9.0,40.0,361.0
a&n islands,2007,0.0,3.0,0.0,7.0,0.0,0.0,0.0,0.0,0.0,0.0,10.0
chandigarh,2007,1.0,8.0,0.0,30.0,1.0,12.0,0.0,0.0,0.0,1.0,53.0
d&n haveli,2007,1.0,3.0,0.0,6.0,0.0,1.0,0.0,0.0,0.0,0.0,11.0
daman & diu,2007,2.0,0.0,0.0,0.0,0.0,1.0,0.0,0.0,0.0,0.0,3.0
delhi,2007,48.0,361.0,4.0,1020.0,1.0,34.0,0.0,0.0,0.0,336.0,1806.0
lakshadweep,2007,0.0,0.0,0.0,0.0,0.0,0.0,0.0,0.0,0.0,0.0,0.0
puducherry,2007,2.0,3.0,0.0,12.0,0.0,1.0,0.0,0.0,0.0,5.0,23.0
andhra pradesh,2008,64.0,412.0,2.0,433.0,7.0,49.0,48.0,2.0,19.0,284.0,1321.0
arunachal pradesh,2008,0.0,11.0,0.0,13.0,0.0,0.0,0.0,0.0,0.0,0.0,24.0
assam,2008,1.0,27.0,0.0,7.0,0.0,0.0,0.0,0.0,1.0,147.0,183.0
bihar,2008,116.0,91.0,0.0,496.0,0.0,0.0,45.0,0.0,8.0,10.0,766.0
chhattisgarh,2008,52.0,411.0,9.0,96.0,3.0,3.0,3.0,1.0,5.0,584.0,1167.0
goa,2008,3.0,18.0,0.0,24.0,1.0,2.0,0.0,0.0,1.0,31.0,80.0
gujarat,2008,59.0,99.0,1.0,521.0,0.0,156.0,7.0,0.0,23.0,208.0,1074.0
haryana,2008,25.0,70.0,5.0,104.0,0.0,13.0,0.0,0.0,4.0,48.0,269.0
himachal pradesh,2008,8.0,68.0,2.0,78.0,2.0,5.0,2.0,0.0,2.0,38.0,205.0
jammu & kashmir,2008,0.0,5.0,0.0,3.0,0.0,1.0,0.0,0.0,0.0,1.0,10.0
jharkhand,2008,4.0,8.0,0.0,18.0,0.0,1.0,18.0,0.0,0.0,21.0,71.0
karnataka,2008,84.0,97.0,5.0,99.0,1.0,31.0,4.0,0.0,9.0,58.0,388.0
kerala,2008,37.0,215.0,0.0,87.0,4.0,6.0,13.0,0.0,4.0,183.0,549.0
madhya pradesh,2008,107.0,892.0,8.0,264.0,6.0,99.0,15.0,4.0,2.0,2861.0,4259.0
maharashtra,2008,178.0,690.0,2.0,598.0,3.0,274.0,13.0,1.0,5.0,920.0,2709.0
manipur,2008,6.0,22.0,0.0,61.0,0.0,0.0,0.0,0.0,0.0,0.0,89.0
meghalaya,2008,0.0,34.0,0.0,21.0,0.0,0.0,0.0,0.0,0.0,7.0,62.0
mizoram,2008,0.0,18.0,0.0,2.0,0.0,0.0,0.0,0.0,0.0,2.0,22.0
nagaland,2008,0.0,0.0,0.0,3.0,0.0,0.0,0.0,0.0,0.0,0.0,3.0
odisha,2008,13.0,65.0,0.0,8.0,0.0,0.0,0.0,0.0,1.0,54.0,141.0
punjab,2008,34.0,106.0,24.0,184.0,1.0,8.0,0.0,0.0,6.0,26.0,389.0
rajasthan,2008,97.0,420.0,10.0,504.0,0.0,158.0,0.0,0.0,3.0,31.0,1223.0
sikkim,2008,2.0,12.0,0.0,3.0,0.0,0.0,0.0,0.0,0.0,7.0,24.0
tamil nadu,2008,91.0,187.0,0.0,275.0,0.0,19.0,1.0,0.0,4.0,89.0,666.0
tripura,2008,12.0,104.0,0.0,23.0,0.0,0.0,0.0,0.0,0.0,24.0,163.0
uttar pradesh,2008,376.0,900.0,2.0,2224.0,0.0,0.0,0.0,0.0,0.0,576.0,4078.0
uttarakhand,2008,3.0,9.0,0.0,24.0,0.0,0.0,2.0,0.0,0.0,0.0,38.0
west bengal,2008,19.0,129.0,1.0,196.0,0.0,1.0,53.0,41.0,6.0,65.0,513.0
a&n islands,2008,2.0,8.0,0.0,12.0,0.0,1.0,0.0,0.0,0.0,24.0,47.0
chandigarh,2008,0.0,10.0,0.0,36.0,0.0,11.0,0.0,0.0,0.0,9.0,66.0
d&n haveli,2008,1.0,3.0,0.0,11.0,0.0,0.0,0.0,0.0,0.0,2.0,17.0
daman & diu,2008,0.0,0.0,0.0,0.0,0.0,0.0,0.0,0.0,0.0,4.0,4.0
delhi,2008,41.0,301.0,2.0,1208.0,0.0,25.0,0.0,0.0,1.0,276.0,1854.0
lakshadweep,2008,0.0,0.0,0.0,0.0,0.0,0.0,0.0,0.0,0.0,0.0,0.0
puducherry,2008,1.0,4.0,0.0,14.0,1.0,1.0,0.0,0.0,0.0,5.0,26.0
andhra pradesh,2009,77.0,416.0,6.0,632.0,13.0,77.0,28.0,1.0,0.0,468.0,1719.0
arunachal pradesh,2009,0.0,16.0,0.0,17.0,0.0,0.0,0.0,0.0,0.0,0.0,33.0
assam,2009,4.0,10.0,0.0,5.0,0.0,0.0,0.0,0.0,0.0,25.0,44.0
bihar,2009,126.0,63.0,5.0,722.0,0.0,0.0,58.0,0.0,0.0,42.0,1016.0
chhattisgarh,2009,47.0,394.0,7.0,121.0,4.0,3.0,5.0,0.0,2.0,738.0,1321.0
goa,2009,3.0,30.0,0.0,21.0,0.0,6.0,0.0,0.0,0.0,32.0,92.0
gujarat,2009,67.0,91.0,3.0,503.0,0.0,129.0,2.0,1.0,0.0,172.0,968.0
haryana,2009,19.0,116.0,3.0,149.0,1.0,20.0,0.0,0.0,0.0,45.0,353.0
himachal pradesh,2009,9.0,83.0,1.0,72.0,1.0,5.0,6.0,0.0,0.0,44.0,221.0
jammu & kashmir,2009,3.0,4.0,0.0,10.0,0.0,0.0,0.0,0.0,0.0,1.0,18.0
jharkhand,2009,11.0,8.0,0.0,8.0,0.0,0.0,0.0,0.0,0.0,33.0,60.0
karnataka,2009,60.0,104.0,7.0,67.0,1.0,21.0,4.0,1.0,3.0,40.0,308.0
kerala,2009,44.0,235.0,0.0,83.0,0.0,7.0,14.0,0.0,0.0,204.0,587.0
madhya pradesh,2009,127.0,1071.0,39.0,427.0,8.0,103.0,1.0,1.0,0.0,2869.0,4646.0
maharashtra,2009,182.0,612.0,17.0,534.0,13.0,274.0,42.0,2.0,0.0,1189.0,2894.0
manipur,2009,8.0,12.0,0.0,52.0,0.0,0.0,0.0,0.0,0.0,0.0,72.0
meghalaya,2009,8.0,60.0,0.0,9.0,0.0,0.0,3.0,0.0,0.0,3.0,83.0
mizoram,2009,0.0,11.0,0.0,1.0,0.0,0.0,0.0,0.0,0.0,2.0,14.0
nagaland,2009,0.0,0.0,0.0,0.0,0.0,0.0,0.0,0.0,0.0,0.0,0.0
odisha,2009,8.0,87.0,0.0,30.0,0.0,0.0,0.0,0.0,0.0,69.0,194.0
punjab,2009,77.0,210.0,23.0,355.0,4.0,15.0,3.0,0.0,0.0,42.0,729.0
rajasthan,2009,97.0,371.0,12.0,761.0,0.0,153.0,1.0,0.0,0.0,12.0,1407.0
sikkim,2009,3.0,14.0,0.0,6.0,0.0,3.0,0.0,0.0,0.0,14.0,40.0
tamil nadu,2009,83.0,182.0,0.0,300.0,0.0,0.0,0.0,0.0,0.0,69.0,634.0
tripura,2009,13.0,83.0,0.0,12.0,0.0,0.0,28.0,0.0,0.0,27.0,163.0
uttar pradesh,2009,372.0,625.0,0.0,1535.0,0.0,0.0,0.0,0.0,0.0,553.0,3085.0
uttarakhand,2009,5.0,7.0,0.0,10.0,1.0,0.0,0.0,0.0,0.0,10.0,33.0
west bengal,2009,20.0,109.0,0.0,199.0,0.0,0.0,41.0,49.0,0.0,64.0,484.0
a&n islands,2009,1.0,12.0,0.0,10.0,0.0,0.0,0.0,0.0,0.0,18.0,41.0
chandigarh,2009,1.0,21.0,0.0,27.0,0.0,9.0,0.0,0.0,0.0,13.0,71.0
d&n haveli,2009,1.0,2.0,0.0,8.0,0.0,0.0,0.0,0.0,0.0,0.0,11.0
daman & diu,2009,0.0,1.0,0.0,0.0,0.0,0.0,0.0,0.0,0.0,1.0,2.0
delhi,2009,74.0,307.0,0.0,2248.0,0.0,28.0,1.0,2.0,0.0,179.0,2839.0
lakshadweep,2009,0.0,0.0,0.0,0.0,0.0,0.0,0.0,0.0,0.0,0.0,0.0
puducherry,2009,1.0,1.0,0.0,11.0,0.0,4.0,0.0,0.0,0.0,4.0,21.0
andhra pradesh,2010,69.0,446.0,1.0,581.0,9.0,55.0,82.0,3.0,0.0,577.0,1823.0
arunachal pradesh,2010,0.0,12.0,0.0,5.0,0.0,0.0,0.0,0.0,0.0,3.0,20.0
assam,2010,10.0,39.0,0.0,17.0,0.0,0.0,75.0,3.0,0.0,53.0,197.0
bihar,2010,202.0,114.0,0.0,1359.0,0.0,0.0,152.0,0.0,8.0,8.0,1843.0
chhattisgarh,2010,52.0,382.0,9.0,186.0,1.0,6.0,11.0,0.0,2.0,814.0,1463.0
goa,2010,2.0,23.0,0.0,14.0,1.0,4.0,1.0,0.0,0.0,34.0,79.0
gujarat,2010,66.0,102.0,10.0,565.0,10.0,121.0,0.0,0.0,14.0,118.0,1006.0
haryana,2010,29.0,107.0,2.0,123.0,0.0,24.0,0.0,0.0,0.0,18.0,303.0
himachal pradesh,2010,6.0,72.0,0.0,86.0,1.0,4.0,3.0,0.0,5.0,69.0,246.0
jammu & kashmir,2010,1.0,8.0,1.0,5.0,0.0,0.0,0.0,0.0,0.0,2.0,17.0
jharkhand,2010,4.0,0.0,0.0,6.0,0.0,0.0,21.0,1.0,0.0,19.0,54.0
karnataka,2010,45.0,108.0,4.0,125.0,0.0,30.0,21.0,0.0,8.0,68.0,409.0
kerala,2010,42.0,208.0,0.0,111.0,3.0,9.0,6.0,0.0,6.0,211.0,596.0
madhya pradesh,2010,144.0,1182.0,18.0,440.0,7.0,93.0,18.0,2.0,4.0,3004.0,4912.0
maharashtra,2010,214.0,747.0,5.0,749.0,16.0,198.0,26.0,1.0,4.0,1277.0,3264.0
manipur,2010,2.0,11.0,0.0,60.0,0.0,0.0,0.0,0.0,0.0,0.0,73.0
meghalaya,2010,2.0,91.0,0.0,16.0,0.0,0.0,0.0,0.0,0.0,1.0,110.0
mizoram,2010,1.0,42.0,0.0,0.0,0.0,0.0,0.0,0.0,0.0,7.0,50.0
nagaland,2010,0.0,3.0,0.0,7.0,0.0,0.0,0.0,0.0,0.0,0.0,10.0
odisha,2010,9.0,74.0,0.0,51.0,0.0,0.0,4.0,0.0,0.0,56.0,194.0
punjab,2010,45.0,144.0,15.0,373.0,2.0,11.0,0.0,1.0,0.0,36.0,627.0
rajasthan,2010,82.0,369.0,18.0,706.0,2.0,119.0,14.0,0.0,2.0,6.0,1318.0
sikkim,2010,3.0,14.0,0.0,5.0,0.0,0.0,0.0,0.0,0.0,7.0,29.0
tamil nadu,2010,80.0,203.0,0.0,459.0,1.0,0.0,13.0,0.0,0.0,54.0,810.0
tripura,2010,2.0,107.0,0.0,22.0,0.0,0.0,32.0,0.0,1.0,63.0,227.0
uttar pradesh,2010,346.0,451.0,18.0,1225.0,0.0,0.0,0.0,0.0,5.0,287.0,2332.0
uttarakhand,2010,3.0,10.0,0.0,9.0,0.0,0.0,0.0,0.0,0.0,9.0,31.0
west bengal,2010,16.0,73.0,0.0,332.0,3.0,0.0,200.0,115.0,0.0,93.0,880.0
a&n islands,2010,1.0,15.0,3.0,9.0,0.0,0.0,0.0,0.0,0.0,23.0,51.0
chandigarh,2010,1.0,16.0,0.0,23.0,0.0,6.0,0.0,0.0,0.0,13.0,59.0
d&n haveli,2010,0.0,3.0,0.0,10.0,0.0,0.0,0.0,0.0,0.0,0.0,13.0
daman & diu,2010,0.0,1.0,0.0,1.0,0.0,0.0,0.0,0.0,0.0,0.0,2.0
delhi,2010,29.0,304.0,7.0,2982.0,0.0,45.0,0.0,4.0,0.0,259.0,3630.0
lakshadweep,2010,0.0,0.0,0.0,0.0,0.0,0.0,0.0,0.0,0.0,0.0,0.0
puducherry,2010,0.0,3.0,0.0,8.0,0.0,0.0,0.0,0.0,1.0,4.0,16.0
andhra pradesh,2011,101.0,646.0,7.0,735.0,11.0,53.0,106.0,2.0,15.0,537.0,2213.0
arunachal pradesh,2011,0.0,20.0,0.0,15.0,0.0,0.0,0.0,0.0,0.0,0.0,35.0
assam,2011,8.0,40.0,0.0,29.0,0.0,0.0,142.0,0.0,0.0,17.0,236.0
bihar,2011,124.0,91.0,1.0,1821.0,0.0,1.0,183.0,1.0,0.0,10.0,2233.0
chhattisgarh,2011,59.0,477.0,21.0,283.0,5.0,7.0,15.0,1.0,5.0,909.0,1782.0
goa,2011,2.0,20.0,0.0,17.0,2.0,4.0,0.0,0.0,0.0,30.0,75.0
gujarat,2011,69.0,130.0,0.0,605.0,1.0,105.0,4.0,0.0,13.0,204.0,1131.0
haryana,2011,14.0,66.0,5.0,144.0,4.0,15.0,0.0,2.0,6.0,22.0,280.0
himachal pradesh,2011,6.0,72.0,0.0,108.0,1.0,8.0,3.0,0.0,0.0,63.0,261.0
jammu & kashmir,2011,4.0,9.0,1.0,5.0,0.0,1.0,0.0,0.0,0.0,5.0,25.0
jharkhand,2011,5.0,16.0,1.0,18.0,0.0,1.0,15.0,6.0,0.0,22.0,85.0
karnataka,2011,52.0,97.0,1.0,109.0,0.0,21.0,8.0,1.0,12.0,33.0,334.0
kerala,2011,47.0,423.0,0.0,129.0,2.0,4.0,9.0,0.0,3.0,835.0,1452.0
madhya pradesh,2011,123.0,1262.0,38.0,517.0,12.0,89.0,20.0,3.0,5.0,2312.0,4381.0
maharashtra,2011,204.0,818.0,12.0,858.0,12.0,189.0,20.0,2.0,19.0,1208.0,3362.0
manipur,2011,3.0,19.0,0.0,65.0,0.0,0.0,0.0,0.0,0.0,0.0,87.0
meghalaya,2011,8.0,66.0,0.0,16.0,0.0,0.0,0.0,0.0,0.0,14.0,104.0
mizoram,2011,0.0,39.0,0.0,3.0,0.0,0.0,0.0,0.0,0.0,10.0,52.0
nagaland,2011,5.0,15.0,0.0,0.0,0.0,0.0,0.0,0.0,0.0,0.0,20.0
odisha,2011,18.0,165.0,0.0,85.0,1.0,1.0,12.0,0.0,1.0,32.0,315.0
punjab,2011,41.0,166.0,15.0,349.0,0.0,22.0,0.0,0.0,0.0,29.0,622.0
rajasthan,2011,78.0,394.0,13.0,785.0,0.0,98.0,19.0,2.0,5.0,97.0,1491.0
sikkim,2011,1.0,11.0,0.0,7.0,0.0,0.0,0.0,0.0,0.0,10.0,29.0
tamil nadu,2011,108.0,271.0,0.0,519.0,2.0,2.0,0.0,0.0,0.0,23.0,925.0
tripura,2011,9.0,45.0,0.0,28.0,0.0,0.0,5.0,0.0,0.0,15.0,102.0
uttar pradesh,2011,326.0,1088.0,12.0,3739.0,5.0,0.0,0.0,4.0,4.0,321.0,5500.0
uttarakhand,2011,9.0,23.0,0.0,39.0,0.0,0.0,0.0,0.0,0.0,12.0,83.0
west bengal,2011,46.0,252.0,0.0,660.0,3.0,1.0,298.0,87.0,25.0,78.0,1450.0
a&n islands,2011,1.0,9.0,0.0,11.0,0.0,2.0,0.0,0.0,0.0,8.0,31.0
chandigarh,2011,3.0,15.0,0.0,40.0,0.0,7.0,0.0,0.0,0.0,9.0,74.0
d&n haveli,2011,2.0,1.0,0.0,8.0,0.0,0.0,0.0,0.0,0.0,0.0,11.0
daman & diu,2011,0.0,0.0,0.0,2.0,0.0,1.0,0.0,0.0,0.0,0.0,3.0
delhi,2011,39.0,339.0,5.0,3528.0,0.0,68.0,3.0,2.0,0.0,266.0,4250.0
lakshadweep,2011,0.0,0.0,0.0,0.0,0.0,0.0,0.0,0.0,0.0,0.0,0.0
puducherry,2011,0.0,6.0,0.0,7.0,0.0,0.0,0.0,0.0,0.0,2.0,15.0
andhra pradesh,2012,113.0,613.0,1.0,781.0,21.0,49.0,30.0,4.0,29.0,633.0,2274.0
arunachal pradesh,2012,0.0,18.0,0.0,20.0,0.0,0.0,0.0,0.0,0.0,1.0,39.0
assam,2012,15.0,156.0,0.0,68.0,0.0,0.0,122.0,0.0,0.0,31.0,392.0
bihar,2012,129.0,137.0,1.0,2546.0,0.0,0.0,48.0,10.0,16.0,5.0,2894.0
chhattisgarh,2012,69.0,519.0,5.0,276.0,10.0,9.0,13.0,0.0,2.0,978.0,1881.0
goa,2012,3.0,38.0,0.0,15.0,1.0,4.0,0.0,0.0,0.0,61.0,122.0
gujarat,2012,60.0,150.0,7.0,834.0,1.0,79.0,19.0,0.0,14.0,163.0,1327.0
haryana,2012,40.0,276.0,28.0,535.0,3.0,15.0,0.0,0.0,11.0,107.0,1015.0
himachal pradesh,2012,9.0,89.0,0.0,97.0,0.0,3.0,3.0,0.0,0.0,65.0,266.0
jammu & kashmir,2012,0.0,13.0,0.0,23.0,0.0,1.0,0.0,0.0,0.0,3.0,40.0
jharkhand,2012,1.0,6.0,0.0,32.0,0.0,0.0,16.0,7.0,0.0,46.0,113.0
karnataka,2012,57.0,142.0,3.0,471.0,0.0,41.0,45.0,0.0,20.0,96.0,875.0
kerala,2012,34.0,455.0,1.0,147.0,3.0,4.0,10.0,0.0,6.0,664.0,1324.0
madhya pradesh,2012,140.0,1632.0,64.0,630.0,19.0,134.0,21.0,5.0,3.0,2520.0,5168.0
maharashtra,2012,212.0,917.0,22.0,893.0,13.0,199.0,31.0,2.0,6.0,1157.0,3456.0
manipur,2012,4.0,17.0,0.0,61.0,0.0,0.0,17.0,0.0,0.0,5.0,104.0
meghalaya,2012,0.0,81.0,0.0,9.0,0.0,0.0,0.0,0.0,1.0,0.0,91.0
mizoram,2012,1.0,73.0,0.0,1.0,0.0,1.0,0.0,1.0,0.0,18.0,95.0
nagaland,2012,1.0,7.0,0.0,5.0,0.0,0.0,0.0,0.0,0.0,0.0,13.0
odisha,2012,25.0,192.0,0.0,96.0,0.0,0.0,5.0,0.0,1.0,99.0,418.0
punjab,2012,48.0,295.0,25.0,459.0,2.0,15.0,0.0,0.0,0.0,33.0,877.0
rajasthan,2012,55.0,572.0,37.0,847.0,6.0,172.0,20.0,1.0,10.0,87.0,1807.0
sikkim,2012,1.0,21.0,2.0,6.0,0.0,0.0,0.0,0.0,0.0,0.0,30.0
tamil nadu,2012,95.0,292.0,0.0,576.0,1.0,4.0,28.0,0.0,0.0,40.0,1036.0
tripura,2012,2.0,17.0,0.0,0.0,0.0,0.0,0.0,0.0,0.0,1.0,20.0
uttar pradesh,2012,463.0,1040.0,11.0,4239.0,57.0,2.0,2.0,18.0,5.0,196.0,6033.0
uttarakhand,2012,11.0,34.0,0.0,53.0,0.0,0.0,7.0,0.0,0.0,17.0,122.0
west bengal,2012,46.0,285.0,0.0,767.0,7.0,8.0,369.0,56.0,43.0,122.0,1706.0
a&n islands,2012,1.0,10.0,1.0,8.0,0.0,0.0,0.0,0.0,0.0,8.0,28.0
chandigarh,2012,1.0,17.0,0.0,59.0,0.0,10.0,0.0,0.0,0.0,9.0,96.0
d&n haveli,2012,1.0,1.0,0.0,6.0,0.0,0.0,0.0,0.0,0.0,0.0,8.0
daman & diu,2012,0.0,4.0,0.0,2.0,0.0,0.0,0.0,0.0,0.0,2.0,8.0
delhi,2012,41.0,415.0,2.0,3686.0,0.0,68.0,3.0,4.0,1.0,241.0,4462.0
lakshadweep,2012,0.0,0.0,0.0,0.0,0.0,0.0,0.0,0.0,0.0,0.0,0.0
puducherry,2012,0.0,7.0,0.0,18.0,0.0,3.0,0.0,0.0,1.0,3.0,32.0
andhra pradesh,2013,87.0,770.0,7.0,1014.0,14.0,43.0,40.0,2.0,16.0,576.0,2576.0
arunachal pradesh,2013,0.0,35.0,0.0,40.0,0.0,0.0,0.0,0.0,0.0,7.0,82.0
assam,2013,14.0,230.0,0.0,80.0,0.0,0.0,129.0,0.0,1.0,64.0,518.0
bihar,2013,101.0,86.0,1.0,1180.0,0.0,1.0,193.0,3.0,1.0,14.0,1580.0
chhattisgarh,2013,49.0,595.0,15.0,1634.0,95.0,7.0,44.0,0.0,1.0,1282.0,3737.0
goa,2013,0.0,59.0,0.0,90.0,1.0,2.0,0.0,0.0,0.0,118.0,270.0
gujarat,2013,77.0,263.0,2.0,1429.0,0.0,113.0,0.0,2.0,12.0,178.0,2076.0
haryana,2013,73.0,388.0,21.0,911.0,6.0,8.0,0.0,2.0,17.0,214.0,1640.0
himachal pradesh,2013,5.0,130.0,2.0,198.0,1.0,7.0,1.0,0.0,2.0,82.0,428.0
jammu & kashmir,2013,11.0,25.0,0.0,26.0,0.0,3.0,1.0,0.0,0.0,9.0,75.0
jharkhand,2013,11.0,23.0,4.0,48.0,1.0,0.0,17.0,5.0,1.0,16.0,129.0
karnataka,2013,64.0,270.0,0.0,700.0,0.0,58.0,71.0,1.0,26.0,159.0,1353.0
kerala,2013,40.0,637.0,1.0,136.0,9.0,4.0,15.0,0.0,11.0,1024.0,1877.0
madhya pradesh,2013,114.0,2112.0,79.0,2262.0,16.0,124.0,21.0,3.0,6.0,3502.0,8247.0
maharashtra,2013,191.0,1546.0,17.0,1698.0,26.0,259.0,41.0,13.0,16.0,2595.0,6410.0
manipur,2013,3.0,40.0,0.0,56.0,0.0,0.0,22.0,0.0,0.0,2.0,123.0
meghalaya,2013,8.0,112.0,0.0,35.0,0.0,0.0,8.0,0.0,0.0,19.0,183.0
mizoram,2013,2.0,57.0,0.0,2.0,0.0,0.0,0.0,0.0,0.0,17.0,78.0
nagaland,2013,0.0,3.0,0.0,4.0,0.0,0.0,0.0,0.0,0.0,1.0,8.0
odisha,2013,28.0,509.0,1.0,366.0,1.0,0.0,79.0,0.0,0.0,139.0,1123.0
punjab,2013,30.0,490.0,12.0,690.0,0.0,8.0,1.0,0.0,0.0,98.0,1336.0
rajasthan,2013,64.0,892.0,34.0,1426.0,1.0,226.0,54.0,0.0,5.0,177.0,2888.0
sikkim,2013,0.0,25.0,0.0,14.0,0.0,0.0,0.0,0.0,0.0,0.0,39.0
tamil nadu,2013,83.0,419.0,1.0,499.0,2.0,2.0,0.0,0.0,56.0,113.0,1188.0
tripura,2013,9.0,43.0,0.0,21.0,0.0,0.0,0.0,0.0,1.0,26.0,100.0
uttar pradesh,2013,482.0,1381.0,17.0,6002.0,36.0,3.0,0.0,0.0,5.0,1921.0,9857.0
uttarakhand,2013,7.0,32.0,0.0,181.0,0.0,0.0,1.0,0.0,0.0,11.0,232.0
west bengal,2013,68.0,377.0,3.0,1388.0,5.0,1.0,486.0,69.0,43.0,89.0,2530.0
a&n islands,2013,0.0,21.0,1.0,12.0,0.0,2.0,0.0,0.0,0.0,18.0,54.0
chandigarh,2013,2.0,19.0,0.0,164.0,0.0,2.0,0.0,0.0,0.0,26.0,213.0
d&n haveli,2013,0.0,4.0,0.0,10.0,0.0,0.0,0.0,0.0,0.0,0.0,14.0
daman & diu,2013,1.0,4.0,0.0,8.0,0.0,0.0,0.0,0.0,0.0,1.0,14.0
delhi,2013,33.0,757.0,3.0,5809.0,1.0,56.0,0.0,0.0,1.0,537.0,7199.0
lakshadweep,2013,0.0,0.0,0.0,0.0,0.0,0.0,0.0,0.0,0.0,0.0,0.0
puducherry,2013,0.0,9.0,0.0,34.0,0.0,1.0,0.0,0.0,1.0,2.0,47.0
andhra pradesh,2014,45.0,477.0,0.0,600.0,8.0,26.0,37.0,0.0,16.0,380.0,2059.0
arunachal pradesh,2014,5.0,43.0,0.0,66.0,1.0,0.0,1.0,0.0,0.0,3.0,134.0
assam,2014,22.0,125.0,0.0,152.0,0.0,0.0,303.0,0.0,4.0,181.0,1385.0
bihar,2014,61.0,103.0,0.0,1585.0,0.0,1.0,280.0,2.0,10.0,97.0,2255.0
chhattisgarh,2014,50.0,806.0,5.0,1844.0,1.0,5.0,1.0,2.0,2.0,656.0,4358.0
goa,2014,3.0,57.0,0.0,134.0,1.0,3.0,0.0,0.0,0.0,78.0,330.0
gujarat,2014,82.0,291.0,0.0,2101.0,0.0,87.0,0.0,0.0,16.0,191.0,3219.0
haryana,2014,56.0,416.0,6.0,816.0,3.0,36.0,277.0,0.0,15.0,448.0,2540.0
himachal pradesh,2014,7.0,135.0,4.0,210.0,2.0,8.0,3.0,0.0,4.0,4.0,467.0
jammu & kashmir,2014,3.0,37.0,0.0,139.0,0.0,10.0,0.0,0.0,0.0,1.0,211.0
jharkhand,2014,8.0,78.0,1.0,94.0,0.0,0.0,12.0,0.0,1.0,25.0,423.0
karnataka,2014,87.0,694.0,0.0,1177.0,0.0,101.0,61.0,1.0,44.0,443.0,3416.0
kerala,2014,44.0,754.0,0.0,130.0,5.0,5.0,4.0,0.0,19.0,441.0,2391.0
madhya pradesh,2014,131.0,2352.0,30.0,6339.0,6.0,148.0,5.0,1.0,15.0,3282.0,15085.0
maharashtra,2014,195.0,1714.0,7.0,2616.0,19.0,225.0,7.0,4.0,14.0,877.0,8115.0
manipur,2014,9.0,38.0,0.0,69.0,0.0,0.0,0.0,0.0,0.0,7.0,137.0
meghalaya,2014,7.0,61.0,0.0,43.0,0.0,3.0,11.0,0.0,0.0,12.0,213.0
mizoram,2014,0.0,91.0,0.0,2.0,0.0,0.0,0.0,0.0,0.0,7.0,178.0
nagaland,2014,1.0,11.0,0.0,7.0,0.0,0.0,0.0,0.0,0.0,0.0,25.0
odisha,2014,23.0,753.0,0.0,800.0,0.0,1.0,74.0,0.0,0.0,120.0,2196.0
punjab,2014,42.0,476.0,10.0,871.0,0.0,35.0,5.0,0.0,2.0,51.0,1762.0
rajasthan,2014,73.0,825.0,24.0,1814.0,1.0,213.0,61.0,0.0,5.0,152.0,3880.0
sikkim,2014,1.0,40.0,0.0,17.0,0.0,0.0,0.0,0.0,0.0,0.0,93.0
tamil nadu,2014,103.0,0.0,0.0,390.0,1.0,1.0,0.0,0.0,47.0,268.0,2354.0
telangana,2014,70.0,583.0,2.0,634.0,2.0,43.0,26.0,1.0,13.0,76.0,1930.0
tripura,2014,21.0,122.0,0.0,88.0,0.0,0.0,0.0,0.0,1.0,3.0,369.0
uttar pradesh,2014,543.0,1538.0,11.0,5875.0,1.0,1.0,0.0,0.0,10.0,256.0,14835.0
uttarakhand,2014,11.0,84.0,1.0,275.0,0.0,0.0,0.0,0.0,0.0,5.0,489.0
west bengal,2014,64.0,0.0,0.0,2351.0,3.0,0.0,852.0,67.0,37.0,161.0,4909.0
a&n islands,2014,1.0,20.0,0.0,12.0,0.0,0.0,0.0,0.0,0.0,4.0,50.0
chandigarh,2014,0.0,32.0,1.0,130.0,0.0,3.0,0.0,0.0,0.0,12.0,208.0
d&n haveli,2014,1.0,2.0,0.0,8.0,0.0,0.0,0.0,0.0,0.0,0.0,11.0
daman & diu,2014,0.0,1.0,0.0,4.0,1.0,1.0,0.0,0.0,0.0,0.0,7.0
delhi,2014,48.0,1004.0,5.0,6452.0,1.0,27.0,0.0,4.0,2.0,242.0,9350.0
lakshadweep,2014,0.0,0.0,0.0,0.0,0.0,0.0,0.0,0.0,0.0,0.0,1.0
puducherry,2014,0.0,3.0,0.0,9.0,0.0,0.0,0.0,0.0,3.0,1.0,38.0
andhra pradesh,2015,44.0,489.0,0.0,497.0,1.0,27.0,33.0,0.0,15.0,298.0,1992.0
arunachal pradesh,2015,6.0,34.0,0.0,120.0,0.0,0.0,0.0,0.0,0.0,0.0,181.0
assam,2015,16.0,43.0,0.0,383.0,0.0,0.0,1303.0,0.0,14.0,131.0,2835.0
bihar,2015,97.0,116.0,0.0,1231.0,0.0,0.0,305.0,0.0,0.0,55.0,1917.0
chhattisgarh,2015,66.0,317.0,11.0,1846.0,8.0,21.0,2.0,2.0,6.0,804.0,4469.0
goa,2015,3.0,50.0,0.0,102.0,0.0,6.0,0.0,0.0,0.0,49.0,242.0
gujarat,2015,81.0,57.0,1.0,1589.0,0.0,60.0,1.0,0.0,9.0,138.0,3623.0
haryana,2015,50.0,261.0,14.0,1255.0,0.0,27.0,190.0,2.0,14.0,574.0,3262.0
himachal pradesh,2015,7.0,139.0,1.0,232.0,1.0,9.0,0.0,0.0,1.0,5.0,477.0
jammu & kashmir,2015,6.0,28.0,0.0,244.0,0.0,16.0,1.0,0.0,0.0,2.0,308.0
jharkhand,2015,8.0,24.0,1.0,110.0,0.0,0.0,27.0,0.0,1.0,10.0,406.0
karnataka,2015,108.0,0.0,1.0,1605.0,0.0,100.0,65.0,0.0,35.0,409.0,3961.0
kerala,2015,39.0,720.0,0.0,171.0,3.0,4.0,3.0,0.0,13.0,304.0,2384.0
madhya pradesh,2015,124.0,1568.0,17.0,5265.0,8.0,145.0,5.0,5.0,9.0,2542.0,12859.0
maharashtra,2015,207.0,2231.0,11.0,6960.0,13.0,219.0,6.0,1.0,24.0,1120.0,13921.0
manipur,2015,5.0,13.0,0.0,52.0,0.0,1.0,0.0,0.0,0.0,8.0,110.0
meghalaya,2015,5.0,38.0,0.0,48.0,0.0,1.0,18.0,0.0,0.0,15.0,257.0
mizoram,2015,3.0,30.0,0.0,9.0,0.0,0.0,0.0,0.0,0.0,1.0,186.0
nagaland,2015,2.0,8.0,0.0,40.0,0.0,0.0,0.0,0.0,0.0,1.0,61.0
odisha,2015,20.0,1052.0,0.0,986.0,0.0,1.0,7.0,0.0,1.0,104.0,2562.0
punjab,2015,45.0,462.0,10.0,937.0,2.0,41.0,6.0,0.0,5.0,54.0,1836.0
rajasthan,2015,59.0,728.0,13.0,1690.0,1.0,141.0,38.0,0.0,6.0,164.0,3689.0
sikkim,2015,0.0,1.0,0.0,2.0,0.0,0.0,0.0,0.0,0.0,1.0,64.0
tamil nadu,2015,87.0,0.0,0.0,398.0,1.0,2.0,9.0,0.0,77.0,396.0,2617.0
telangana,2015,72.0,705.0,2.0,608.0,0.0,28.0,42.0,0.0,15.0,381.0,2697.0
tripura,2015,4.0,98.0,0.0,92.0,1.0,0.0,14.0,0.0,2.0,7.0,255.0
uttar pradesh,2015,474.0,594.0,12.0,5913.0,8.0,3.0,1.0,4.0,4.0,231.0,11420.0
uttarakhand,2015,8.0,52.0,0.0,444.0,0.0,0.0,1.0,0.0,1.0,2.0,635.0
west bengal,2015,53.0,0.0,0.0,1951.0,4.0,0.0,1003.0,91.0,40.0,237.0,4963.0
a&n islands,2015,1.0,26.0,0.0,28.0,0.0,2.0,0.0,0.0,1.0,30.0,102.0
chandigarh,2015,1.0,41.0,0.0,164.0,0.0,6.0,7.0,0.0,0.0,2.0,271.0
d&n haveli,2015,2.0,2.0,0.0,14.0,0.0,2.0,0.0,0.0,0.0,2.0,35.0
daman & diu,2015,1.0,0.0,0.0,21.0,0.0,0.0,0.0,0.0,0.0,0.0,28.0
delhi,2015,54.0,927.0,3.0,6881.0,0.0,23.0,0.0,6.0,0.0,231.0,9489.0
lakshadweep,2015,0.0,0.0,0.0,0.0,0.0,0.0,0.0,0.0,0.0,1.0,2.0
puducherry,2015,0.0,0.0,0.0,5.0,0.0,0.0,0.0,0.0,0.0,2.0,56.0
