1,andhra pradesh,2001,35.0,84.0,0.0,57.0,7.0,22.0,12.0,0.0,6.0,47.0,270.0,56.96228571428537
2,arunachal pradesh,2001,0.0,0.0,0.0,0.0,0.0,0.0,0.0,0.0,0.0,0.0,0.0,52.92171428571373
3,assam,2001,0.0,0.0,0.0,18.0,0.0,0.0,0.0,0.0,0.0,0.0,18.0,62.80571428571466
4,bihar,2001,2.0,16.0,0.0,26.0,0.0,1.0,16.0,1.0,2.0,18.0,83.0,48.84214285714256
5,chhattisgarh,2001,14.0,150.0,5.0,46.0,1.0,15.0,0.0,0.0,0.0,354.0,585.0,58.478571428571286
6,goa,2001,1.0,10.0,0.0,6.0,0.0,3.0,2.0,0.0,0.0,12.0,34.0,82.71214285714404
7,gujarat,2001,78.0,39.0,4.0,120.0,0.0,112.0,18.0,0.0,11.0,190.0,572.0,68.25357142857206
8,haryana,2001,31.0,108.0,3.0,124.0,0.0,16.0,5.0,2.0,0.0,74.0,363.0,65.47600000000102
9,himachal pradesh,2001,5.0,35.0,0.0,20.0,0.0,15.0,0.0,0.0,0.0,7.0,82.0,74.38000000000011
10,jammu & kashmir,2001,2.0,6.0,0.0,15.0,0.0,4.0,0.0,0.0,0.0,1.0,28.0,55.24418604651146
11,jharkhand,2001,5.0,11.0,0.0,4.0,0.0,0.0,1.0,0.0,0.0,20.0,41.0,53.675714285713866
12,karnataka,2001,3.0,18.0,1.0,18.0,0.0,15.0,1.0,2.0,1.0,9.0,68.0,65.82219047619014
13,kerala,2001,76.0,64.0,0.0,28.0,0.0,9.0,4.0,0.0,3.0,63.0,247.0,91.65285714285756
14,madhya pradesh,2001,103.0,390.0,7.0,100.0,8.0,69.0,4.0,0.0,4.0,740.0,1425.0,59.06714285714315
15,maharashtra,2001,203.0,367.0,17.0,210.0,4.0,281.0,21.0,1.0,43.0,473.0,1621.0,74.72642857142864
16,manipur,2001,0.0,0.0,0.0,0.0,0.0,0.0,0.0,0.0,0.0,0.0,0.0,69.38500000000022
17,meghalaya,2001,0.0,0.0,0.0,0.0,0.0,0.0,0.0,0.0,0.0,0.0,0.0,62.15971428571379
18,mizoram,2001,0.0,0.0,0.0,0.0,0.0,0.0,0.0,0.0,0.0,0.0,0.0,85.78928571428605
19,nagaland,2001,0.0,0.0,0.0,0.0,0.0,0.0,0.0,0.0,0.0,0.0,0.0,69.50928571428585
20,odisha,2001,2.0,17.0,0.0,22.0,4.0,1.0,0.0,0.0,0.0,22.0,68.0,60.11857142857207
21,punjab,2001,20.0,38.0,7.0,35.0,0.0,3.0,7.0,0.0,0.0,13.0,123.0,67.27000000000044
22,rajasthan,2001,19.0,35.0,8.0,62.0,1.0,54.0,0.0,0.0,10.0,29.0,218.0,54.437857142856956
23,sikkim,2001,1.0,4.0,0.0,0.0,0.0,0.0,0.0,0.0,0.0,0.0,5.0,68.0039999999999
24,tamil nadu,2001,24.0,20.0,0.0,7.0,1.0,1.0,0.0,0.0,0.0,8.0,61.0,72.05514285714366
25,tripura,2001,0.0,0.0,0.0,0.0,0.0,0.0,0.0,0.0,0.0,0.0,0.0,73.91800000000103
26,uttar pradesh,2001,489.0,562.0,1.0,1185.0,0.0,0.0,29.0,1.0,1.0,1440.0,3709.0,54.49142857142806
27,uttarakhand,2001,9.0,9.0,0.0,16.0,0.0,0.0,7.0,0.0,0.0,5.0,46.0,68.59142857142842
28,west bengal,2001,3.0,12.0,0.0,86.0,0.0,0.0,9.0,2.0,0.0,52.0,167.0,67.1792857142857
29,a&n islands,2001,0.0,0.0,0.0,0.0,0.0,0.0,0.0,0.0,0.0,0.0,0.0,80.3314285714273
30,chandigarh,2001,0.0,8.0,0.0,32.0,0.0,5.0,0.0,0.0,2.0,11.0,58.0,82.04400000000055
31,d&n haveli,2001,0.0,0.0,0.0,0.0,0.0,0.0,0.0,0.0,0.0,0.0,0.0,59.21699999999964
32,daman & diu,2001,0.0,0.0,0.0,0.0,0.0,0.0,0.0,0.0,0.0,0.0,0.0,78.8266666666666
33,delhi,2001,22.0,113.0,2.0,612.0,0.0,60.0,3.0,1.0,0.0,99.0,912.0,81.16514285714459
34,lakshadweep,2001,1.0,0.0,0.0,0.0,0.0,0.0,0.0,0.0,0.0,0.0,1.0,87.47142857142853
35,puducherry,2001,1.0,4.0,0.0,0.0,0.0,0.0,0.0,0.0,0.0,0.0,5.0,80.36961904761824
36,andhra pradesh,2002,43.0,137.0,0.0,86.0,13.0,5.0,9.0,0.0,6.0,33.0,333.0,57.948771428571035
37,arunachal pradesh,2002,0.0,3.0,0.0,3.0,0.0,0.0,0.0,0.0,0.0,0.0,6.0,54.168828571428094
38,assam,2002,2.0,3.0,0.0,1.0,0.0,0.0,6.0,0.0,1.0,1.0,14.0,63.66475000000037
39,bihar,2002,10.0,3.0,1.0,26.0,0.0,1.0,9.0,0.0,1.0,6.0,57.0,49.589821428570986
40,chhattisgarh,2002,28.0,182.0,0.0,45.0,1.0,17.0,0.0,0.0,26.0,434.0,733.0,59.53028571428558
41,goa,2002,2.0,7.0,0.0,4.0,0.0,5.0,2.0,0.0,0.0,11.0,31.0,83.82789285714398
42,gujarat,2002,68.0,67.0,9.0,273.0,1.0,76.0,0.0,0.0,38.0,178.0,710.0,69.2118214285722
43,haryana,2002,22.0,84.0,6.0,54.0,0.0,15.0,0.0,1.0,1.0,52.0,235.0,66.78060000000096
44,himachal pradesh,2002,5.0,26.0,6.0,24.0,0.0,8.0,3.0,0.0,3.0,16.0,91.0,75.32700000000023
45,jammu & kashmir,2002,2.0,7.0,2.0,23.0,0.0,4.0,0.0,0.0,0.0,4.0,42.0,56.34719767441857
46,jharkhand,2002,3.0,43.0,0.0,21.0,0.0,0.0,5.0,0.0,0.0,39.0,111.0,54.54285714285675
47,karnataka,2002,28.0,19.0,7.0,23.0,0.0,10.0,7.0,1.0,1.0,18.0,114.0,66.7564476190471
48,kerala,2002,64.0,54.0,2.0,31.0,0.0,9.0,6.0,0.0,6.0,68.0,240.0,92.48171428571459
49,madhya pradesh,2002,94.0,517.0,4.0,154.0,1.0,91.0,5.0,1.0,2.0,1460.0,2329.0,60.03335714285754
50,maharashtra,2002,248.0,491.0,10.0,275.0,6.0,282.0,34.0,1.0,18.0,487.0,1860.0,75.6763928571429
51,manipur,2002,0.0,0.0,0.0,0.0,0.0,0.0,0.0,0.0,0.0,0.0,0.0,70.39689285714303
52,meghalaya,2002,0.0,1.0,0.0,0.0,0.0,0.0,0.0,0.0,0.0,0.0,1.0,63.142028571428
53,mizoram,2002,0.0,0.0,0.0,0.0,0.0,0.0,0.0,0.0,0.0,0.0,0.0,86.85575000000063
54,nagaland,2002,0.0,0.0,0.0,0.0,0.0,0.0,0.0,0.0,0.0,0.0,0.0,70.66782142857164
55,odisha,2002,7.0,21.0,0.0,8.0,0.0,0.0,4.0,0.0,0.0,16.0,56.0,61.107928571429284
56,punjab,2002,13.0,52.0,10.0,62.0,0.0,0.0,5.0,0.0,1.0,18.0,161.0,68.3672000000006
57,rajasthan,2002,20.0,38.0,6.0,52.0,0.0,79.0,2.0,0.0,7.0,0.0,204.0,55.41424999999981
58,sikkim,2002,2.0,4.0,0.0,0.0,0.0,0.0,0.0,0.0,0.0,0.0,6.0,69.62519999999995
59,tamil nadu,2002,45.0,29.0,0.0,29.0,0.0,5.0,0.0,0.0,0.0,27.0,135.0,72.94348571428645
60,tripura,2002,0.0,0.0,0.0,0.0,0.0,0.0,0.0,0.0,0.0,0.0,0.0,75.26620000000094
61,uttar pradesh,2002,424.0,416.0,1.0,539.0,0.0,0.0,4.0,0.0,2.0,440.0,1826.0,55.40035714285659
62,uttarakhand,2002,7.0,8.0,0.0,3.0,0.0,0.0,9.0,0.0,0.0,0.0,27.0,69.70321428571424
63,west bengal,2002,4.0,16.0,0.0,94.0,0.0,0.0,14.0,1.0,0.0,46.0,175.0,68.04410714285723
64,a&n islands,2002,0.0,0.0,0.0,0.0,0.0,0.0,0.0,0.0,0.0,0.0,0.0,81.3075714285701
65,chandigarh,2002,3.0,6.0,0.0,22.0,1.0,8.0,0.0,0.0,0.0,9.0,49.0,82.4278000000005
66,d&n haveli,2002,0.0,0.0,0.0,0.0,0.0,0.0,0.0,0.0,0.0,0.0,0.0,60.62649999999985
67,daman & diu,2002,0.0,0.0,0.0,0.0,0.0,0.0,0.0,0.0,0.0,0.0,0.0,79.62166666666667
68,delhi,2002,29.0,138.0,20.0,426.0,0.0,29.0,0.0,0.0,0.0,55.0,697.0,81.6634857142875
69,lakshadweep,2002,0.0,0.0,0.0,0.0,0.0,0.0,0.0,0.0,0.0,0.0,0.0,88.82464285714241
70,puducherry,2002,2.0,4.0,0.0,4.0,1.0,0.0,0.0,0.0,0.0,6.0,17.0,81.23870476190405
71,andhra pradesh,2003,119.0,383.0,0.0,373.0,3.0,36.0,46.0,1.0,4.0,498.0,1463.0,58.935257142856926
72,arunachal pradesh,2003,0.0,9.0,0.0,9.0,0.0,0.0,0.0,0.0,0.0,0.0,18.0,55.415942857142454
73,assam,2003,2.0,5.0,0.0,0.0,0.0,0.0,12.0,0.0,0.0,0.0,19.0,64.52378571428608
74,bihar,2003,8.0,3.0,0.0,33.0,0.0,1.0,1.0,0.0,0.0,10.0,56.0,50.337499999999636
75,chhattisgarh,2003,29.0,186.0,6.0,45.0,4.0,3.0,0.0,0.0,6.0,335.0,614.0,60.58199999999988
76,goa,2003,0.0,22.0,0.0,9.0,0.0,5.0,5.0,0.0,0.0,16.0,57.0,84.94364285714391
77,gujarat,2003,49.0,75.0,4.0,267.0,0.0,82.0,2.0,0.0,11.0,175.0,665.0,70.1700714285721
78,haryana,2003,24.0,77.0,2.0,92.0,0.0,24.0,3.0,0.0,3.0,62.0,287.0,68.08520000000135
79,himachal pradesh,2003,5.0,36.0,0.0,23.0,0.0,11.0,4.0,1.0,1.0,28.0,109.0,76.27400000000034
80,jammu & kashmir,2003,0.0,2.0,0.0,38.0,0.0,2.0,0.0,0.0,0.0,7.0,49.0,57.45020930232522
81,jharkhand,2003,7.0,16.0,1.0,3.0,0.0,0.0,5.0,0.0,0.0,3.0,35.0,55.40999999999963
82,karnataka,2003,23.0,25.0,0.0,29.0,0.0,11.0,1.0,0.0,2.0,25.0,116.0,67.69070476190427
83,kerala,2003,31.0,69.0,0.0,23.0,0.0,1.0,7.0,0.0,0.0,48.0,179.0,93.31057142857185
84,madhya pradesh,2003,165.0,699.0,11.0,210.0,9.0,90.0,13.0,25.0,3.0,1437.0,2662.0,60.9995714285717
85,maharashtra,2003,206.0,605.0,5.0,337.0,5.0,293.0,20.0,3.0,16.0,506.0,2001.0,76.62635714285716
86,manipur,2003,1.0,7.0,0.0,26.0,0.0,0.0,0.0,0.0,0.0,2.0,36.0,71.40878571428607
87,meghalaya,2003,14.0,24.0,0.0,8.0,0.0,0.0,0.0,0.0,0.0,0.0,46.0,64.12434285714221
88,mizoram,2003,5.0,9.0,0.0,3.0,0.0,0.0,0.0,0.0,0.0,0.0,17.0,87.92221428571474
89,nagaland,2003,0.0,0.0,0.0,0.0,0.0,0.0,0.0,0.0,0.0,0.0,0.0,71.82635714285743
90,odisha,2003,15.0,55.0,0.0,25.0,1.0,0.0,4.0,0.0,0.0,40.0,140.0,62.0972857142865
91,punjab,2003,25.0,54.0,11.0,67.0,0.0,9.0,0.0,0.0,2.0,16.0,184.0,69.46440000000075
92,rajasthan,2003,26.0,49.0,12.0,46.0,0.0,97.0,1.0,0.0,6.0,2.0,240.0,56.390642857142666
93,sikkim,2003,1.0,8.0,0.0,0.0,1.0,0.0,0.0,0.0,0.0,5.0,15.0,71.2464
94,tamil nadu,2003,60.0,47.0,0.0,37.0,0.0,7.0,0.0,0.0,3.0,23.0,177.0,73.83182857142947
95,tripura,2003,0.0,0.0,0.0,0.0,0.0,0.0,0.0,0.0,0.0,0.0,0.0,76.61440000000084
96,uttar pradesh,2003,458.0,301.0,3.0,561.0,2.0,0.0,28.0,0.0,4.0,345.0,1702.0,56.309285714285124
97,uttarakhand,2003,3.0,11.0,0.0,2.0,0.0,0.0,7.0,0.0,0.0,0.0,23.0,70.81500000000005
98,west bengal,2003,2.0,16.0,0.0,32.0,0.0,0.0,12.0,6.0,1.0,61.0,148.0,68.90892857142853
99,a&n islands,2003,1.0,2.0,0.0,1.0,0.0,0.0,0.0,0.0,0.0,2.0,6.0,82.2837142857129
100,chandigarh,2003,3.0,9.0,0.0,14.0,0.0,11.0,0.0,0.0,0.0,3.0,40.0,82.81160000000057
101,d&n haveli,2003,0.0,0.0,0.0,1.0,0.0,0.0,0.0,0.0,0.0,0.0,1.0,62.03600000000006
102,daman & diu,2003,0.0,4.0,0.0,1.0,0.0,0.0,0.0,0.0,0.0,1.0,6.0,80.41666666666652
103,delhi,2003,32.0,140.0,2.0,255.0,0.0,39.0,0.0,0.0,1.0,47.0,516.0,82.16182857143053
104,lakshadweep,2003,0.0,0.0,0.0,0.0,0.0,0.0,0.0,0.0,0.0,1.0,1.0,90.17785714285674
105,puducherry,2003,1.0,1.0,0.0,1.0,0.0,0.0,0.0,0.0,0.0,2.0,5.0,82.10779047618962
106,andhra pradesh,2004,71.0,363.0,0.0,396.0,2.0,26.0,60.0,0.0,4.0,406.0,1328.0,59.92174285714259
107,arunachal pradesh,2004,0.0,11.0,0.0,8.0,0.0,0.0,0.0,0.0,0.0,3.0,22.0,56.663057142856815
108,assam,2004,1.0,7.0,0.0,3.0,0.0,0.0,8.0,1.0,1.0,0.0,21.0,65.38282142857179
109,bihar,2004,9.0,3.0,1.0,29.0,0.0,1.0,7.0,1.0,3.0,5.0,59.0,51.08517857142806
110,chhattisgarh,2004,44.0,308.0,6.0,70.0,6.0,14.0,1.0,0.0,14.0,477.0,940.0,61.63371428571418
111,goa,2004,2.0,20.0,0.0,9.0,0.0,1.0,1.0,0.0,0.0,20.0,53.0,86.05939285714385
112,gujarat,2004,74.0,96.0,0.0,300.0,1.0,95.0,5.0,0.0,30.0,198.0,799.0,71.12832142857224
113,haryana,2004,23.0,24.0,15.0,42.0,1.0,15.0,0.0,0.0,2.0,42.0,164.0,69.38980000000129
114,himachal pradesh,2004,5.0,32.0,2.0,26.0,0.0,13.0,0.0,0.0,2.0,12.0,92.0,77.22100000000046
115,jammu & kashmir,2004,1.0,4.0,0.0,27.0,0.0,1.0,0.0,0.0,0.0,2.0,35.0,58.55322093023233
116,jharkhand,2004,6.0,43.0,1.0,18.0,0.0,0.0,5.0,0.0,0.0,39.0,112.0,56.27714285714251
117,karnataka,2004,54.0,42.0,4.0,41.0,1.0,17.0,4.0,0.0,1.0,25.0,189.0,68.62496190476145
118,kerala,2004,51.0,159.0,0.0,54.0,0.0,0.0,20.0,0.0,1.0,56.0,341.0,94.13942857142888
119,madhya pradesh,2004,144.0,710.0,9.0,179.0,5.0,115.0,2.0,0.0,2.0,2487.0,3653.0,61.965785714286085
120,maharashtra,2004,187.0,634.0,15.0,380.0,8.0,249.0,14.0,3.0,14.0,766.0,2281.0,77.57632142857142
121,manipur,2004,0.0,4.0,0.0,27.0,0.0,0.0,0.0,0.0,0.0,0.0,31.0,72.42067857142888
122,meghalaya,2004,0.0,0.0,0.0,0.0,0.0,0.0,0.0,0.0,0.0,0.0,0.0,65.10665714285642
123,mizoram,2004,0.0,0.0,0.0,0.0,0.0,0.0,0.0,0.0,0.0,0.0,0.0,88.98867857142932
124,nagaland,2004,0.0,1.0,0.0,0.0,0.0,0.0,0.0,0.0,0.0,0.0,1.0,72.98489285714322
125,odisha,2004,9.0,31.0,0.0,11.0,0.0,0.0,3.0,0.0,1.0,74.0,129.0,63.08664285714349
126,punjab,2004,42.0,54.0,8.0,53.0,1.0,12.0,0.0,1.0,2.0,20.0,193.0,70.56160000000045
127,rajasthan,2004,21.0,137.0,17.0,128.0,0.0,90.0,1.0,1.0,2.0,5.0,403.0,57.36703571428552
128,sikkim,2004,2.0,1.0,1.0,2.0,0.0,0.0,0.0,0.0,0.0,2.0,8.0,72.86760000000004
129,tamil nadu,2004,71.0,166.0,0.0,93.0,3.0,20.0,6.0,0.0,5.0,29.0,393.0,74.72017142857226
130,tripura,2004,5.0,28.0,0.0,14.0,0.0,0.0,0.0,0.0,0.0,12.0,59.0,77.9626000000012
131,uttar pradesh,2004,528.0,394.0,2.0,735.0,4.0,0.0,23.0,0.0,1.0,234.0,1921.0,57.21821428571366
132,uttarakhand,2004,4.0,17.0,0.0,2.0,0.0,1.0,32.0,0.0,0.0,0.0,56.0,71.92678571428587
133,west bengal,2004,2.0,19.0,0.0,99.0,1.0,0.0,13.0,12.0,8.0,43.0,206.0,69.77375000000006
134,a&n islands,2004,1.0,8.0,0.0,3.0,0.0,0.0,0.0,0.0,0.0,2.0,14.0,83.25985714285571
135,chandigarh,2004,3.0,13.0,0.0,36.0,0.0,11.0,0.0,0.0,0.0,3.0,66.0,83.19540000000063
136,d&n haveli,2004,3.0,0.0,1.0,7.0,0.0,0.0,0.0,0.0,0.0,0.0,11.0,63.44549999999981
137,daman & diu,2004,0.0,1.0,0.0,0.0,0.0,1.0,0.0,0.0,0.0,0.0,2.0,81.21166666666659
138,delhi,2004,41.0,186.0,4.0,371.0,0.0,33.0,0.0,0.0,0.0,131.0,766.0,82.66017142857345
139,lakshadweep,2004,0.0,0.0,0.0,0.0,0.0,0.0,0.0,0.0,0.0,0.0,0.0,91.53107142857107
140,puducherry,2004,1.0,4.0,0.0,4.0,0.0,0.0,0.0,0.0,0.0,3.0,12.0,82.9768761904752
141,andhra pradesh,2005,57.0,315.0,1.0,332.0,4.0,99.0,48.0,2.0,9.0,74.0,950.0,60.90822857142825
142,arunachal pradesh,2005,0.0,10.0,0.0,12.0,0.0,0.0,0.0,0.0,0.0,0.0,22.0,57.910171428571175
143,assam,2005,13.0,90.0,1.0,18.0,5.0,0.0,0.0,2.0,0.0,70.0,199.0,66.2418571428575
144,bihar,2005,26.0,8.0,0.0,72.0,0.0,0.0,5.0,0.0,4.0,0.0,115.0,51.83285714285671
145,chhattisgarh,2005,37.0,382.0,21.0,110.0,8.0,6.0,0.0,0.0,3.0,430.0,997.0,62.68542857142802
146,goa,2005,4.0,15.0,0.0,11.0,0.0,2.0,0.0,0.0,0.0,21.0,53.0,87.17514285714424
147,gujarat,2005,76.0,90.0,4.0,285.0,1.0,141.0,12.0,0.0,25.0,202.0,836.0,72.08657142857214
148,haryana,2005,38.0,131.0,8.0,101.0,0.0,32.0,0.0,0.0,7.0,57.0,374.0,70.69440000000122
149,himachal pradesh,2005,6.0,58.0,1.0,37.0,0.0,12.0,0.0,0.0,3.0,14.0,131.0,78.16800000000057
150,jammu & kashmir,2005,4.0,4.0,0.0,48.0,0.0,0.0,0.0,0.0,0.0,1.0,57.0,59.656232558139436
151,jharkhand,2005,33.0,22.0,0.0,11.0,0.0,0.0,4.0,0.0,0.0,27.0,97.0,57.14428571428516
152,karnataka,2005,47.0,48.0,7.0,35.0,1.0,18.0,7.0,0.0,3.0,25.0,191.0,69.55921904761863
153,kerala,2005,45.0,140.0,1.0,45.0,1.0,3.0,21.0,0.0,3.0,127.0,386.0,94.96828571428614
154,madhya pradesh,2005,150.0,870.0,12.0,240.0,7.0,95.0,4.0,0.0,18.0,2324.0,3721.0,62.932000000000244
155,maharashtra,2005,192.0,634.0,4.0,420.0,11.0,321.0,5.0,1.0,22.0,689.0,2305.0,78.52628571428568
156,manipur,2005,3.0,4.0,0.0,13.0,0.0,0.0,0.0,0.0,0.0,0.0,20.0,73.43257142857169
157,meghalaya,2005,9.0,51.0,0.0,11.0,0.0,0.0,4.0,0.0,0.0,6.0,81.0,66.08897142857063
158,mizoram,2005,24.0,37.0,0.0,13.0,0.0,0.0,0.0,0.0,0.0,0.0,74.0,90.05514285714344
159,nagaland,2005,0.0,0.0,0.0,0.0,0.0,0.0,0.0,0.0,0.0,0.0,0.0,74.14342857142856
160,odisha,2005,10.0,28.0,0.0,16.0,0.0,0.0,0.0,0.0,0.0,32.0,86.0,64.0760000000007
161,punjab,2005,26.0,51.0,12.0,59.0,0.0,13.0,2.0,0.0,11.0,36.0,210.0,71.65880000000061
162,rajasthan,2005,57.0,246.0,10.0,132.0,0.0,123.0,1.0,1.0,3.0,7.0,580.0,58.343428571428376
163,sikkim,2005,1.0,14.0,1.0,2.0,1.0,5.0,0.0,0.0,0.0,1.0,25.0,74.48880000000008
164,tamil nadu,2005,54.0,115.0,0.0,69.0,1.0,6.0,0.0,0.0,4.0,39.0,288.0,75.60851428571527
165,tripura,2005,1.0,20.0,0.0,6.0,0.0,0.0,0.0,0.0,1.0,0.0,28.0,79.31080000000111
166,uttar pradesh,2005,390.0,394.0,0.0,749.0,2.0,0.0,3.0,0.0,4.0,259.0,1801.0,58.12714285714242
167,uttarakhand,2005,6.0,18.0,0.0,41.0,0.0,0.0,9.0,0.0,0.0,2.0,76.0,73.03857142857169
168,west bengal,2005,2.0,6.0,0.0,102.0,1.0,0.0,20.0,44.0,2.0,57.0,236.0,70.63857142857137
169,a&n islands,2005,1.0,2.0,0.0,2.0,0.0,2.0,0.0,0.0,0.0,1.0,8.0,84.23599999999851
170,chandigarh,2005,3.0,21.0,0.0,23.0,0.0,7.0,0.0,0.0,0.0,3.0,57.0,83.5792000000007
171,d&n haveli,2005,1.0,0.0,0.0,4.0,0.0,0.0,0.0,0.0,0.0,0.0,5.0,64.85500000000002
172,daman & diu,2005,1.0,1.0,0.0,2.0,0.0,1.0,0.0,0.0,0.0,0.0,5.0,82.00666666666666
173,delhi,2005,34.0,235.0,3.0,507.0,0.0,47.0,0.0,0.0,0.0,191.0,1026.0,83.15851428571648
174,lakshadweep,2005,0.0,0.0,0.0,0.0,0.0,0.0,0.0,0.0,0.0,0.0,0.0,92.8842857142854
175,puducherry,2005,0.0,3.0,0.0,3.0,0.0,0.0,0.0,0.0,0.0,2.0,8.0,83.845961904761
176,andhra pradesh,2006,61.0,412.0,5.0,498.0,11.0,89.0,35.0,6.0,17.0,247.0,1386.0,61.89471428571392
177,arunachal pradesh,2006,0.0,0.0,0.0,27.0,0.0,0.0,0.0,0.0,0.0,0.0,27.0,59.15728571428508
178,assam,2006,11.0,61.0,1.0,25.0,5.0,0.0,0.0,1.0,1.0,147.0,252.0,67.10089285714321
179,bihar,2006,12.0,17.0,0.0,25.0,0.0,0.0,4.0,0.0,2.0,6.0,66.0,52.58053571428513
180,chhattisgarh,2006,48.0,448.0,5.0,113.0,1.0,14.0,0.0,0.0,5.0,604.0,1238.0,63.73714285714232
181,goa,2006,3.0,14.0,0.0,10.0,1.0,8.0,1.0,0.0,0.0,17.0,54.0,88.29089285714417
182,gujarat,2006,87.0,112.0,6.0,360.0,1.0,150.0,9.0,0.0,12.0,240.0,977.0,73.04482142857228
183,haryana,2006,29.0,176.0,9.0,158.0,0.0,24.0,0.0,0.0,7.0,59.0,462.0,71.99900000000162
184,himachal pradesh,2006,4.0,41.0,5.0,52.0,1.0,12.0,2.0,0.0,1.0,18.0,136.0,79.11500000000069
185,jammu & kashmir,2006,3.0,8.0,0.0,72.0,0.0,1.0,0.0,0.0,0.0,1.0,85.0,60.759244186046544
186,jharkhand,2006,10.0,28.0,1.0,11.0,0.0,0.0,26.0,0.0,0.0,36.0,112.0,58.01142857142804
187,karnataka,2006,63.0,84.0,13.0,62.0,0.0,31.0,2.0,0.0,6.0,15.0,276.0,70.49347619047558
188,kerala,2006,51.0,219.0,0.0,73.0,0.0,4.0,35.0,0.0,1.0,170.0,553.0,95.79714285714317
189,madhya pradesh,2006,160.0,829.0,14.0,237.0,12.0,105.0,6.0,0.0,4.0,2572.0,3939.0,63.89821428571463
190,maharashtra,2006,207.0,655.0,10.0,552.0,7.0,255.0,15.0,1.0,15.0,1101.0,2841.0,79.47625000000016
191,manipur,2006,6.0,15.0,0.0,32.0,0.0,0.0,0.0,0.0,0.0,1.0,54.0,74.4444642857145
192,meghalaya,2006,6.0,47.0,0.0,13.0,0.0,0.0,3.0,0.0,2.0,0.0,71.0,67.07128571428484
193,mizoram,2006,0.0,35.0,0.0,0.0,0.0,0.0,0.0,0.0,0.0,0.0,35.0,91.12160714285801
194,nagaland,2006,3.0,11.0,0.0,0.0,0.0,0.0,0.0,0.0,0.0,0.0,14.0,75.30196428571435
195,odisha,2006,13.0,101.0,0.0,17.0,1.0,0.0,0.0,0.0,3.0,19.0,154.0,65.06535714285792
196,punjab,2006,24.0,58.0,22.0,169.0,0.0,15.0,0.0,1.0,9.0,31.0,329.0,72.75600000000077
197,rajasthan,2006,77.0,311.0,25.0,392.0,0.0,137.0,1.0,0.0,1.0,5.0,951.0,59.31982142857123
198,sikkim,2006,4.0,14.0,0.0,6.0,0.0,1.0,0.0,0.0,0.0,10.0,35.0,76.11000000000013
199,tamil nadu,2006,60.0,125.0,0.0,118.0,0.0,12.0,1.0,0.0,6.0,31.0,353.0,76.49685714285806
200,tripura,2006,3.0,37.0,0.0,0.0,0.0,0.0,0.0,0.0,1.0,0.0,41.0,80.65900000000101
201,uttar pradesh,2006,426.0,347.0,2.0,734.0,3.0,0.0,0.0,0.0,0.0,255.0,1767.0,59.03607142857095
202,uttarakhand,2006,10.0,23.0,0.0,5.0,0.0,0.0,13.0,0.0,0.0,0.0,51.0,74.15035714285705
203,west bengal,2006,3.0,20.0,0.0,156.0,0.0,3.0,77.0,114.0,6.0,49.0,432.0,71.5033928571429
204,a&n islands,2006,0.0,5.0,0.0,4.0,0.0,0.0,0.0,0.0,0.0,0.0,9.0,85.21214285714132
205,chandigarh,2006,1.0,8.0,0.0,43.0,0.0,11.0,0.0,0.0,0.0,1.0,64.0,83.96300000000076
206,d&n haveli,2006,1.0,3.0,0.0,10.0,0.0,1.0,0.0,0.0,0.0,0.0,15.0,66.26449999999977
207,daman & diu,2006,1.0,1.0,0.0,1.0,0.0,0.0,0.0,0.0,0.0,0.0,3.0,82.8016666666665
208,delhi,2006,62.0,448.0,7.0,1114.0,2.0,36.0,1.0,0.0,0.0,489.0,2160.0,83.6568571428594
209,lakshadweep,2006,0.0,0.0,0.0,0.0,0.0,0.0,0.0,0.0,0.0,0.0,0.0,94.23749999999973
210,puducherry,2006,1.0,8.0,0.0,13.0,0.0,0.0,0.0,0.0,0.0,3.0,25.0,84.71504761904657
211,andhra pradesh,2007,76.0,363.0,0.0,609.0,6.0,35.0,37.0,11.0,21.0,341.0,1499.0,62.88119999999958
212,arunachal pradesh,2007,0.0,1.0,0.0,3.0,0.0,0.0,0.0,0.0,0.0,0.0,4.0,60.40439999999944
213,assam,2007,2.0,34.0,0.0,29.0,0.0,0.0,0.0,0.0,1.0,101.0,167.0,67.95992857142892
214,bihar,2007,88.0,110.0,0.0,421.0,0.0,0.0,36.0,1.0,8.0,11.0,675.0,53.328214285713784
215,chhattisgarh,2007,45.0,368.0,10.0,103.0,3.0,7.0,3.0,0.0,4.0,481.0,1024.0,64.78885714285661
216,goa,2007,3.0,15.0,0.0,7.0,0.0,6.0,0.0,0.0,0.0,39.0,70.0,89.4066428571441
217,gujarat,2007,83.0,98.0,1.0,436.0,0.0,149.0,25.0,0.0,14.0,304.0,1110.0,74.00307142857218
218,haryana,2007,20.0,122.0,4.0,107.0,1.0,12.0,0.0,0.0,4.0,55.0,325.0,73.30360000000155
219,himachal pradesh,2007,6.0,48.0,1.0,61.0,0.0,6.0,2.0,0.0,1.0,26.0,151.0,80.06200000000081
220,jammu & kashmir,2007,0.0,12.0,0.0,8.0,0.0,1.0,0.0,0.0,0.0,5.0,26.0,61.8622558139532
221,jharkhand,2007,3.0,23.0,0.0,7.0,0.0,0.0,25.0,0.0,4.0,12.0,74.0,58.87857142857092
222,karnataka,2007,53.0,84.0,7.0,62.0,0.0,25.0,8.0,0.0,4.0,23.0,266.0,71.42773333333275
223,kerala,2007,38.0,183.0,0.0,73.0,1.0,6.0,22.0,0.0,1.0,163.0,487.0,96.62600000000043
224,madhya pradesh,2007,160.0,1043.0,10.0,283.0,5.0,141.0,16.0,2.0,5.0,2625.0,4290.0,64.86442857142902
225,maharashtra,2007,213.0,615.0,1.0,590.0,8.0,297.0,13.0,0.0,7.0,932.0,2707.0,80.42621428571442
226,manipur,2007,3.0,4.0,0.0,42.0,0.0,0.0,0.0,0.0,0.0,0.0,49.0,75.45635714285754
227,meghalaya,2007,12.0,41.0,0.0,9.0,0.0,0.0,8.0,0.0,1.0,0.0,71.0,68.05359999999928
228,mizoram,2007,3.0,60.0,0.0,0.0,0.0,0.0,0.0,0.0,0.0,1.0,64.0,92.18807142857213
229,nagaland,2007,3.0,2.0,0.0,2.0,0.0,0.0,0.0,0.0,0.0,0.0,7.0,76.46050000000014
230,odisha,2007,30.0,92.0,5.0,36.0,0.0,0.0,0.0,0.0,1.0,37.0,201.0,66.05471428571514
231,punjab,2007,29.0,135.0,35.0,296.0,0.0,9.0,0.0,0.0,5.0,18.0,527.0,73.85320000000092
232,rajasthan,2007,89.0,406.0,16.0,589.0,0.0,146.0,1.0,0.0,3.0,2.0,1252.0,60.296214285714086
233,sikkim,2007,1.0,17.0,0.0,5.0,0.0,4.0,0.0,0.0,0.0,4.0,31.0,77.73120000000017
234,tamil nadu,2007,54.0,141.0,0.0,197.0,0.0,28.0,2.0,0.0,2.0,17.0,441.0,77.38520000000108
235,tripura,2007,9.0,33.0,0.0,11.0,0.0,0.0,0.0,0.0,1.0,9.0,63.0,82.00720000000138
236,uttar pradesh,2007,397.0,471.0,1.0,1041.0,0.0,0.0,0.0,0.0,0.0,337.0,2248.0,59.94499999999948
237,uttarakhand,2007,14.0,17.0,0.0,46.0,0.0,0.0,1.0,0.0,0.0,23.0,101.0,75.26214285714286
238,west bengal,2007,15.0,92.0,1.0,88.0,0.0,1.0,54.0,55.0,9.0,40.0,361.0,72.36821428571443
239,a&n islands,2007,0.0,3.0,0.0,7.0,0.0,0.0,0.0,0.0,0.0,0.0,10.0,86.18828571428412
240,chandigarh,2007,1.0,8.0,0.0,30.0,1.0,12.0,0.0,0.0,0.0,1.0,53.0,84.34680000000083
241,d&n haveli,2007,1.0,3.0,0.0,6.0,0.0,1.0,0.0,0.0,0.0,0.0,11.0,67.67399999999998
242,daman & diu,2007,2.0,0.0,0.0,0.0,0.0,1.0,0.0,0.0,0.0,0.0,3.0,83.59666666666658
243,delhi,2007,48.0,361.0,4.0,1020.0,1.0,34.0,0.0,0.0,0.0,336.0,1806.0,84.15520000000242
244,lakshadweep,2007,0.0,0.0,0.0,0.0,0.0,0.0,0.0,0.0,0.0,0.0,0.0,95.59071428571406
245,puducherry,2007,2.0,3.0,0.0,12.0,0.0,1.0,0.0,0.0,0.0,5.0,23.0,85.58413333333215
246,andhra pradesh,2008,64.0,412.0,2.0,433.0,7.0,49.0,48.0,2.0,19.0,284.0,1321.0,63.867685714285244
247,arunachal pradesh,2008,0.0,11.0,0.0,13.0,0.0,0.0,0.0,0.0,0.0,0.0,24.0,61.6515142857138
248,assam,2008,1.0,27.0,0.0,7.0,0.0,0.0,0.0,0.0,1.0,147.0,183.0,68.81896428571463
249,bihar,2008,116.0,91.0,0.0,496.0,0.0,0.0,45.0,0.0,8.0,10.0,766.0,54.075892857142435
250,chhattisgarh,2008,52.0,411.0,9.0,96.0,3.0,3.0,3.0,1.0,5.0,584.0,1167.0,65.84057142857091
251,goa,2008,3.0,18.0,0.0,24.0,1.0,2.0,0.0,0.0,1.0,31.0,80.0,90.52239285714404
252,gujarat,2008,59.0,99.0,1.0,521.0,0.0,156.0,7.0,0.0,23.0,208.0,1074.0,74.96132142857232
253,haryana,2008,25.0,70.0,5.0,104.0,0.0,13.0,0.0,0.0,4.0,48.0,269.0,74.60820000000149
254,himachal pradesh,2008,8.0,68.0,2.0,78.0,2.0,5.0,2.0,0.0,2.0,38.0,205.0,81.00900000000092
255,jammu & kashmir,2008,0.0,5.0,0.0,3.0,0.0,1.0,0.0,0.0,0.0,1.0,10.0,62.965267441860306
256,jharkhand,2008,4.0,8.0,0.0,18.0,0.0,1.0,18.0,0.0,0.0,21.0,71.0,59.7457142857138
257,karnataka,2008,84.0,97.0,5.0,99.0,1.0,31.0,4.0,0.0,9.0,58.0,388.0,72.36199047618993
258,kerala,2008,37.0,215.0,0.0,87.0,4.0,6.0,13.0,0.0,4.0,183.0,549.0,97.45485714285769
259,madhya pradesh,2008,107.0,892.0,8.0,264.0,6.0,99.0,15.0,4.0,2.0,2861.0,4259.0,65.83064285714318
260,maharashtra,2008,178.0,690.0,2.0,598.0,3.0,274.0,13.0,1.0,5.0,920.0,2709.0,81.37617857142868
261,manipur,2008,6.0,22.0,0.0,61.0,0.0,0.0,0.0,0.0,0.0,0.0,89.0,76.46825000000035
262,meghalaya,2008,0.0,34.0,0.0,21.0,0.0,0.0,0.0,0.0,0.0,7.0,62.0,69.03591428571349
263,mizoram,2008,0.0,18.0,0.0,2.0,0.0,0.0,0.0,0.0,0.0,2.0,22.0,93.25453571428625
264,nagaland,2008,0.0,0.0,0.0,3.0,0.0,0.0,0.0,0.0,0.0,0.0,3.0,77.61903571428593
265,odisha,2008,13.0,65.0,0.0,8.0,0.0,0.0,0.0,0.0,1.0,54.0,141.0,67.04407142857212
266,punjab,2008,34.0,106.0,24.0,184.0,1.0,8.0,0.0,0.0,6.0,26.0,389.0,74.95040000000108
267,rajasthan,2008,97.0,420.0,10.0,504.0,0.0,158.0,0.0,0.0,3.0,31.0,1223.0,61.27260714285694
268,sikkim,2008,2.0,12.0,0.0,3.0,0.0,0.0,0.0,0.0,0.0,7.0,24.0,79.35240000000022
269,tamil nadu,2008,91.0,187.0,0.0,275.0,0.0,19.0,1.0,0.0,4.0,89.0,666.0,78.2735428571441
270,tripura,2008,12.0,104.0,0.0,23.0,0.0,0.0,0.0,0.0,0.0,24.0,163.0,83.35540000000128
271,uttar pradesh,2008,376.0,900.0,2.0,2224.0,0.0,0.0,0.0,0.0,0.0,576.0,4078.0,60.853928571428014
272,uttarakhand,2008,3.0,9.0,0.0,24.0,0.0,0.0,2.0,0.0,0.0,0.0,38.0,76.37392857142868
273,west bengal,2008,19.0,129.0,1.0,196.0,0.0,1.0,53.0,41.0,6.0,65.0,513.0,73.23303571428573
274,a&n islands,2008,2.0,8.0,0.0,12.0,0.0,1.0,0.0,0.0,0.0,24.0,47.0,87.16442857142692
275,chandigarh,2008,0.0,10.0,0.0,36.0,0.0,11.0,0.0,0.0,0.0,9.0,66.0,84.73060000000078
276,d&n haveli,2008,1.0,3.0,0.0,11.0,0.0,0.0,0.0,0.0,0.0,2.0,17.0,69.08349999999973
277,daman & diu,2008,0.0,0.0,0.0,0.0,0.0,0.0,0.0,0.0,0.0,4.0,4.0,84.39166666666665
278,delhi,2008,41.0,301.0,2.0,1208.0,0.0,25.0,0.0,0.0,1.0,276.0,1854.0,84.65354285714545
279,lakshadweep,2008,0.0,0.0,0.0,0.0,0.0,0.0,0.0,0.0,0.0,0.0,0.0,96.94392857142839
280,puducherry,2008,1.0,4.0,0.0,14.0,1.0,1.0,0.0,0.0,0.0,5.0,26.0,86.45321904761795
281,andhra pradesh,2009,77.0,416.0,6.0,632.0,13.0,77.0,28.0,1.0,0.0,468.0,1719.0,64.85417142857114
282,arunachal pradesh,2009,0.0,16.0,0.0,17.0,0.0,0.0,0.0,0.0,0.0,0.0,33.0,62.89862857142816
283,assam,2009,4.0,10.0,0.0,5.0,0.0,0.0,0.0,0.0,0.0,25.0,44.0,69.67800000000034
284,bihar,2009,126.0,63.0,5.0,722.0,0.0,0.0,58.0,0.0,0.0,42.0,1016.0,54.82357142857086
285,chhattisgarh,2009,47.0,394.0,7.0,121.0,4.0,3.0,5.0,0.0,2.0,738.0,1321.0,66.89228571428521
286,goa,2009,3.0,30.0,0.0,21.0,0.0,6.0,0.0,0.0,0.0,32.0,92.0,91.63814285714443
287,gujarat,2009,67.0,91.0,3.0,503.0,0.0,129.0,2.0,1.0,0.0,172.0,968.0,75.91957142857223
288,haryana,2009,19.0,116.0,3.0,149.0,1.0,20.0,0.0,0.0,0.0,45.0,353.0,75.91280000000188
289,himachal pradesh,2009,9.0,83.0,1.0,72.0,1.0,5.0,6.0,0.0,0.0,44.0,221.0,81.95600000000104
290,jammu & kashmir,2009,3.0,4.0,0.0,10.0,0.0,0.0,0.0,0.0,0.0,1.0,18.0,64.06827906976741
291,jharkhand,2009,11.0,8.0,0.0,8.0,0.0,0.0,0.0,0.0,0.0,33.0,60.0,60.61285714285668
292,karnataka,2009,60.0,104.0,7.0,67.0,1.0,21.0,4.0,1.0,3.0,40.0,308.0,73.29624761904688
293,kerala,2009,44.0,235.0,0.0,83.0,0.0,7.0,14.0,0.0,0.0,204.0,587.0,98.28371428571472
294,madhya pradesh,2009,127.0,1071.0,39.0,427.0,8.0,103.0,1.0,1.0,0.0,2869.0,4646.0,66.79685714285756
295,maharashtra,2009,182.0,612.0,17.0,534.0,13.0,274.0,42.0,2.0,0.0,1189.0,2894.0,82.32614285714294
296,manipur,2009,8.0,12.0,0.0,52.0,0.0,0.0,0.0,0.0,0.0,0.0,72.0,77.48014285714316
297,meghalaya,2009,8.0,60.0,0.0,9.0,0.0,0.0,3.0,0.0,0.0,3.0,83.0,70.0182285714277
298,mizoram,2009,0.0,11.0,0.0,1.0,0.0,0.0,0.0,0.0,0.0,2.0,14.0,94.32100000000082
299,nagaland,2009,0.0,0.0,0.0,0.0,0.0,0.0,0.0,0.0,0.0,0.0,0.0,78.77757142857172
300,odisha,2009,8.0,87.0,0.0,30.0,0.0,0.0,0.0,0.0,0.0,69.0,194.0,68.03342857142934
301,punjab,2009,77.0,210.0,23.0,355.0,4.0,15.0,3.0,0.0,0.0,42.0,729.0,76.04760000000078
302,rajasthan,2009,97.0,371.0,12.0,761.0,0.0,153.0,1.0,0.0,0.0,12.0,1407.0,62.248999999999796
303,sikkim,2009,3.0,14.0,0.0,6.0,0.0,3.0,0.0,0.0,0.0,14.0,40.0,80.97360000000026
304,tamil nadu,2009,83.0,182.0,0.0,300.0,0.0,0.0,0.0,0.0,0.0,69.0,634.0,79.16188571428688
305,tripura,2009,13.0,83.0,0.0,12.0,0.0,0.0,28.0,0.0,0.0,27.0,163.0,84.70360000000119
306,uttar pradesh,2009,372.0,625.0,0.0,1535.0,0.0,0.0,0.0,0.0,0.0,553.0,3085.0,61.76285714285655
307,uttarakhand,2009,5.0,7.0,0.0,10.0,1.0,0.0,0.0,0.0,0.0,10.0,33.0,77.4857142857145
308,west bengal,2009,20.0,109.0,0.0,199.0,0.0,0.0,41.0,49.0,0.0,64.0,484.0,74.09785714285726
309,a&n islands,2009,1.0,12.0,0.0,10.0,0.0,0.0,0.0,0.0,0.0,18.0,41.0,88.14057142856973
310,chandigarh,2009,1.0,21.0,0.0,27.0,0.0,9.0,0.0,0.0,0.0,13.0,71.0,85.11440000000084
311,d&n haveli,2009,1.0,2.0,0.0,8.0,0.0,0.0,0.0,0.0,0.0,0.0,11.0,70.49299999999994
312,daman & diu,2009,0.0,1.0,0.0,0.0,0.0,0.0,0.0,0.0,0.0,1.0,2.0,85.1866666666665
313,delhi,2009,74.0,307.0,0.0,2248.0,0.0,28.0,1.0,2.0,0.0,179.0,2839.0,85.15188571428837
314,lakshadweep,2009,0.0,0.0,0.0,0.0,0.0,0.0,0.0,0.0,0.0,0.0,0.0,98.29714285714272
315,puducherry,2009,1.0,1.0,0.0,11.0,0.0,4.0,0.0,0.0,0.0,4.0,21.0,87.32230476190352
316,andhra pradesh,2010,69.0,446.0,1.0,581.0,9.0,55.0,82.0,3.0,0.0,577.0,1823.0,65.8406571428568
317,arunachal pradesh,2010,0.0,12.0,0.0,5.0,0.0,0.0,0.0,0.0,0.0,3.0,20.0,64.14574285714207
318,assam,2010,10.0,39.0,0.0,17.0,0.0,0.0,75.0,3.0,0.0,53.0,197.0,70.53703571428628
319,bihar,2010,202.0,114.0,0.0,1359.0,0.0,0.0,152.0,0.0,8.0,8.0,1843.0,55.57124999999951
320,chhattisgarh,2010,52.0,382.0,9.0,186.0,1.0,6.0,11.0,0.0,2.0,814.0,1463.0,67.9439999999995
321,goa,2010,2.0,23.0,0.0,14.0,1.0,4.0,1.0,0.0,0.0,34.0,79.0,92.75389285714436
322,gujarat,2010,66.0,102.0,10.0,565.0,10.0,121.0,0.0,0.0,14.0,118.0,1006.0,76.87782142857236
323,haryana,2010,29.0,107.0,2.0,123.0,0.0,24.0,0.0,0.0,0.0,18.0,303.0,77.21740000000182
324,himachal pradesh,2010,6.0,72.0,0.0,86.0,1.0,4.0,3.0,0.0,5.0,69.0,246.0,82.90300000000116
325,jammu & kashmir,2010,1.0,8.0,1.0,5.0,0.0,0.0,0.0,0.0,0.0,2.0,17.0,65.17129069767407
326,jharkhand,2010,4.0,0.0,0.0,6.0,0.0,0.0,21.0,1.0,0.0,19.0,54.0,61.479999999999336
327,karnataka,2010,45.0,108.0,4.0,125.0,0.0,30.0,21.0,0.0,8.0,68.0,409.0,74.23050476190406
328,kerala,2010,42.0,208.0,0.0,111.0,3.0,9.0,6.0,0.0,6.0,211.0,596.0,99.11257142857198
329,madhya pradesh,2010,144.0,1182.0,18.0,440.0,7.0,93.0,18.0,2.0,4.0,3004.0,4912.0,67.76307142857172
330,maharashtra,2010,214.0,747.0,5.0,749.0,16.0,198.0,26.0,1.0,4.0,1277.0,3264.0,83.2761071428572
331,manipur,2010,2.0,11.0,0.0,60.0,0.0,0.0,0.0,0.0,0.0,0.0,73.0,78.4920357142862
332,meghalaya,2010,2.0,91.0,0.0,16.0,0.0,0.0,0.0,0.0,0.0,1.0,110.0,71.00054285714191
333,mizoram,2010,1.0,42.0,0.0,0.0,0.0,0.0,0.0,0.0,0.0,7.0,50.0,95.38746428571494
334,nagaland,2010,0.0,3.0,0.0,7.0,0.0,0.0,0.0,0.0,0.0,0.0,10.0,79.93610714285751
335,odisha,2010,9.0,74.0,0.0,51.0,0.0,0.0,4.0,0.0,0.0,56.0,194.0,69.02278571428656
336,punjab,2010,45.0,144.0,15.0,373.0,2.0,11.0,0.0,1.0,0.0,36.0,627.0,77.14480000000094
337,rajasthan,2010,82.0,369.0,18.0,706.0,2.0,119.0,14.0,0.0,2.0,6.0,1318.0,63.22539285714265
338,sikkim,2010,3.0,14.0,0.0,5.0,0.0,0.0,0.0,0.0,0.0,7.0,29.0,82.5948000000003
339,tamil nadu,2010,80.0,203.0,0.0,459.0,1.0,0.0,13.0,0.0,0.0,54.0,810.0,80.0502285714299
340,tripura,2010,2.0,107.0,0.0,22.0,0.0,0.0,32.0,0.0,1.0,63.0,227.0,86.05180000000155
341,uttar pradesh,2010,346.0,451.0,18.0,1225.0,0.0,0.0,0.0,0.0,5.0,287.0,2332.0,62.67178571428508
342,uttarakhand,2010,3.0,10.0,0.0,9.0,0.0,0.0,0.0,0.0,0.0,9.0,31.0,78.59749999999985
343,west bengal,2010,16.0,73.0,0.0,332.0,3.0,0.0,200.0,115.0,0.0,93.0,880.0,74.96267857142857
344,a&n islands,2010,1.0,15.0,3.0,9.0,0.0,0.0,0.0,0.0,0.0,23.0,51.0,89.11671428571253
345,chandigarh,2010,1.0,16.0,0.0,23.0,0.0,6.0,0.0,0.0,0.0,13.0,59.0,85.4982000000009
346,d&n haveli,2010,0.0,3.0,0.0,10.0,0.0,0.0,0.0,0.0,0.0,0.0,13.0,71.90249999999969
347,daman & diu,2010,0.0,1.0,0.0,1.0,0.0,0.0,0.0,0.0,0.0,0.0,2.0,85.98166666666657
348,delhi,2010,29.0,304.0,7.0,2982.0,0.0,45.0,0.0,4.0,0.0,259.0,3630.0,85.6502285714314
349,lakshadweep,2010,0.0,0.0,0.0,0.0,0.0,0.0,0.0,0.0,0.0,0.0,0.0,99.65035714285705
350,puducherry,2010,0.0,3.0,0.0,8.0,0.0,0.0,0.0,0.0,1.0,4.0,16.0,88.19139047618933
351,andhra pradesh,2011,101.0,646.0,7.0,735.0,11.0,53.0,106.0,2.0,15.0,537.0,2213.0,66.82714285714246
352,arunachal pradesh,2011,0.0,20.0,0.0,15.0,0.0,0.0,0.0,0.0,0.0,0.0,35.0,65.39285714285643
353,assam,2011,8.0,40.0,0.0,29.0,0.0,0.0,142.0,0.0,0.0,17.0,236.0,71.39607142857199
354,bihar,2011,124.0,91.0,1.0,1821.0,0.0,1.0,183.0,1.0,0.0,10.0,2233.0,56.31892857142793
355,chhattisgarh,2011,59.0,477.0,21.0,283.0,5.0,7.0,15.0,1.0,5.0,909.0,1782.0,68.9957142857138
356,goa,2011,2.0,20.0,0.0,17.0,2.0,4.0,0.0,0.0,0.0,30.0,75.0,93.8696428571443
357,gujarat,2011,69.0,130.0,0.0,605.0,1.0,105.0,4.0,0.0,13.0,204.0,1131.0,77.83607142857227
358,haryana,2011,14.0,66.0,5.0,144.0,4.0,15.0,0.0,2.0,6.0,22.0,280.0,78.52200000000175
359,himachal pradesh,2011,6.0,72.0,0.0,108.0,1.0,8.0,3.0,0.0,0.0,63.0,261.0,83.85000000000127
360,jammu & kashmir,2011,4.0,9.0,1.0,5.0,0.0,1.0,0.0,0.0,0.0,5.0,25.0,66.27430232558117
361,jharkhand,2011,5.0,16.0,1.0,18.0,0.0,1.0,15.0,6.0,0.0,22.0,85.0,62.34714285714222
362,karnataka,2011,52.0,97.0,1.0,109.0,0.0,21.0,8.0,1.0,12.0,33.0,334.0,75.16476190476124
363,kerala,2011,47.0,423.0,0.0,129.0,2.0,4.0,9.0,0.0,3.0,835.0,1452.0,99.94142857142901
364,madhya pradesh,2011,123.0,1262.0,38.0,517.0,12.0,89.0,20.0,3.0,5.0,2312.0,4381.0,68.7292857142861
365,maharashtra,2011,204.0,818.0,12.0,858.0,12.0,189.0,20.0,2.0,19.0,1208.0,3362.0,84.22607142857146
366,manipur,2011,3.0,19.0,0.0,65.0,0.0,0.0,0.0,0.0,0.0,0.0,87.0,79.50392857142901
367,meghalaya,2011,8.0,66.0,0.0,16.0,0.0,0.0,0.0,0.0,0.0,14.0,104.0,71.98285714285612
368,mizoram,2011,0.0,39.0,0.0,3.0,0.0,0.0,0.0,0.0,0.0,10.0,52.0,96.45392857142951
369,nagaland,2011,5.0,15.0,0.0,0.0,0.0,0.0,0.0,0.0,0.0,0.0,20.0,81.09464285714284
370,odisha,2011,18.0,165.0,0.0,85.0,1.0,1.0,12.0,0.0,1.0,32.0,315.0,70.01214285714377
371,punjab,2011,41.0,166.0,15.0,349.0,0.0,22.0,0.0,0.0,0.0,29.0,622.0,78.2420000000011
372,rajasthan,2011,78.0,394.0,13.0,785.0,0.0,98.0,19.0,2.0,5.0,97.0,1491.0,64.2017857142855
373,sikkim,2011,1.0,11.0,0.0,7.0,0.0,0.0,0.0,0.0,0.0,10.0,29.0,84.21600000000035
374,tamil nadu,2011,108.0,271.0,0.0,519.0,2.0,2.0,0.0,0.0,0.0,23.0,925.0,80.93857142857269
375,tripura,2011,9.0,45.0,0.0,28.0,0.0,0.0,5.0,0.0,0.0,15.0,102.0,87.40000000000146
376,uttar pradesh,2011,326.0,1088.0,12.0,3739.0,5.0,0.0,0.0,4.0,4.0,321.0,5500.0,63.58071428571361
377,uttarakhand,2011,9.0,23.0,0.0,39.0,0.0,0.0,0.0,0.0,0.0,12.0,83.0,79.70928571428567
378,west bengal,2011,46.0,252.0,0.0,660.0,3.0,1.0,298.0,87.0,25.0,78.0,1450.0,75.8275000000001
379,a&n islands,2011,1.0,9.0,0.0,11.0,0.0,2.0,0.0,0.0,0.0,8.0,31.0,90.09285714285534
380,chandigarh,2011,3.0,15.0,0.0,40.0,0.0,7.0,0.0,0.0,0.0,9.0,74.0,85.88200000000097
381,d&n haveli,2011,2.0,1.0,0.0,8.0,0.0,0.0,0.0,0.0,0.0,0.0,11.0,73.3119999999999
382,daman & diu,2011,0.0,0.0,0.0,2.0,0.0,1.0,0.0,0.0,0.0,0.0,3.0,86.77666666666664
383,delhi,2011,39.0,339.0,5.0,3528.0,0.0,68.0,3.0,2.0,0.0,266.0,4250.0,86.14857142857431
384,lakshadweep,2011,0.0,0.0,0.0,0.0,0.0,0.0,0.0,0.0,0.0,0.0,0.0,101.00357142857138
385,puducherry,2011,0.0,6.0,0.0,7.0,0.0,0.0,0.0,0.0,0.0,2.0,15.0,89.0604761904749
386,andhra pradesh,2012,113.0,613.0,1.0,781.0,21.0,49.0,30.0,4.0,29.0,633.0,2274.0,67.81362857142813
387,arunachal pradesh,2012,0.0,18.0,0.0,20.0,0.0,0.0,0.0,0.0,0.0,1.0,39.0,66.63997142857079
388,assam,2012,15.0,156.0,0.0,68.0,0.0,0.0,122.0,0.0,0.0,31.0,392.0,72.2551071428577
389,bihar,2012,129.0,137.0,1.0,2546.0,0.0,0.0,48.0,10.0,16.0,5.0,2894.0,57.06660714285658
390,chhattisgarh,2012,69.0,519.0,5.0,276.0,10.0,9.0,13.0,0.0,2.0,978.0,1881.0,70.0474285714281
391,goa,2012,3.0,38.0,0.0,15.0,1.0,4.0,0.0,0.0,0.0,61.0,122.0,94.98539285714423
392,gujarat,2012,60.0,150.0,7.0,834.0,1.0,79.0,19.0,0.0,14.0,163.0,1327.0,78.7943214285724
393,haryana,2012,40.0,276.0,28.0,535.0,3.0,15.0,0.0,0.0,11.0,107.0,1015.0,79.82660000000214
394,himachal pradesh,2012,9.0,89.0,0.0,97.0,0.0,3.0,3.0,0.0,0.0,65.0,266.0,84.79700000000139
395,jammu & kashmir,2012,0.0,13.0,0.0,23.0,0.0,1.0,0.0,0.0,0.0,3.0,40.0,67.37731395348828
396,jharkhand,2012,1.0,6.0,0.0,32.0,0.0,0.0,16.0,7.0,0.0,46.0,113.0,63.2142857142851
397,karnataka,2012,57.0,142.0,3.0,471.0,0.0,41.0,45.0,0.0,20.0,96.0,875.0,76.09901904761841
398,kerala,2012,34.0,455.0,1.0,147.0,3.0,4.0,10.0,0.0,6.0,664.0,1324.0,100.77028571428627
399,madhya pradesh,2012,140.0,1632.0,64.0,630.0,19.0,134.0,21.0,5.0,3.0,2520.0,5168.0,69.6955000000005
400,maharashtra,2012,212.0,917.0,22.0,893.0,13.0,199.0,31.0,2.0,6.0,1157.0,3456.0,85.17603571428572
401,manipur,2012,4.0,17.0,0.0,61.0,0.0,0.0,17.0,0.0,0.0,5.0,104.0,80.51582142857183
402,meghalaya,2012,0.0,81.0,0.0,9.0,0.0,0.0,0.0,0.0,1.0,0.0,91.0,72.96517142857033
403,mizoram,2012,1.0,73.0,0.0,1.0,0.0,1.0,0.0,1.0,0.0,18.0,95.0,97.52039285714363
404,nagaland,2012,1.0,7.0,0.0,5.0,0.0,0.0,0.0,0.0,0.0,0.0,13.0,82.25317857142863
405,odisha,2012,25.0,192.0,0.0,96.0,0.0,0.0,5.0,0.0,1.0,99.0,418.0,71.00150000000099
406,punjab,2012,48.0,295.0,25.0,459.0,2.0,15.0,0.0,0.0,0.0,33.0,877.0,79.33920000000126
407,rajasthan,2012,55.0,572.0,37.0,847.0,6.0,172.0,20.0,1.0,10.0,87.0,1807.0,65.17817857142836
408,sikkim,2012,1.0,21.0,2.0,6.0,0.0,0.0,0.0,0.0,0.0,0.0,30.0,85.8372000000004
409,tamil nadu,2012,95.0,292.0,0.0,576.0,1.0,4.0,28.0,0.0,0.0,40.0,1036.0,81.8269142857157
410,tripura,2012,2.0,17.0,0.0,0.0,0.0,0.0,0.0,0.0,0.0,1.0,20.0,88.74820000000136
411,uttar pradesh,2012,463.0,1040.0,11.0,4239.0,57.0,2.0,2.0,18.0,5.0,196.0,6033.0,64.48964285714214
412,uttarakhand,2012,11.0,34.0,0.0,53.0,0.0,0.0,7.0,0.0,0.0,17.0,122.0,80.82107142857149
413,west bengal,2012,46.0,285.0,0.0,767.0,7.0,8.0,369.0,56.0,43.0,122.0,1706.0,76.6923214285714
414,a&n islands,2012,1.0,10.0,1.0,8.0,0.0,0.0,0.0,0.0,0.0,8.0,28.0,91.06899999999814
415,chandigarh,2012,1.0,17.0,0.0,59.0,0.0,10.0,0.0,0.0,0.0,9.0,96.0,86.26580000000104
416,d&n haveli,2012,1.0,1.0,0.0,6.0,0.0,0.0,0.0,0.0,0.0,0.0,8.0,74.72149999999965
417,daman & diu,2012,0.0,4.0,0.0,2.0,0.0,0.0,0.0,0.0,0.0,2.0,8.0,87.57166666666672
418,delhi,2012,41.0,415.0,2.0,3686.0,0.0,68.0,3.0,4.0,1.0,241.0,4462.0,86.64691428571734
419,lakshadweep,2012,0.0,0.0,0.0,0.0,0.0,0.0,0.0,0.0,0.0,0.0,0.0,102.35678571428525
420,puducherry,2012,0.0,7.0,0.0,18.0,0.0,3.0,0.0,0.0,1.0,3.0,32.0,89.92956190476048
421,andhra pradesh,2013,87.0,770.0,7.0,1014.0,14.0,43.0,40.0,2.0,16.0,576.0,2576.0,68.80011428571379
422,arunachal pradesh,2013,0.0,35.0,0.0,40.0,0.0,0.0,0.0,0.0,0.0,7.0,82.0,67.88708571428515
423,assam,2013,14.0,230.0,0.0,80.0,0.0,0.0,129.0,0.0,1.0,64.0,518.0,73.1141428571434
424,bihar,2013,101.0,86.0,1.0,1180.0,0.0,1.0,193.0,3.0,1.0,14.0,1580.0,57.814285714285006
425,chhattisgarh,2013,49.0,595.0,15.0,1634.0,95.0,7.0,44.0,0.0,1.0,1282.0,3737.0,71.0991428571424
426,goa,2013,0.0,59.0,0.0,90.0,1.0,2.0,0.0,0.0,0.0,118.0,270.0,96.10114285714417
427,gujarat,2013,77.0,263.0,2.0,1429.0,0.0,113.0,0.0,2.0,12.0,178.0,2076.0,79.75257142857254
428,haryana,2013,73.0,388.0,21.0,911.0,6.0,8.0,0.0,2.0,17.0,214.0,1640.0,81.13120000000208
429,himachal pradesh,2013,5.0,130.0,2.0,198.0,1.0,7.0,1.0,0.0,2.0,82.0,428.0,85.7440000000015
430,jammu & kashmir,2013,11.0,25.0,0.0,26.0,0.0,3.0,1.0,0.0,0.0,9.0,75.0,68.48032558139494
431,jharkhand,2013,11.0,23.0,4.0,48.0,1.0,0.0,17.0,5.0,1.0,16.0,129.0,64.08142857142798
432,karnataka,2013,64.0,270.0,0.0,700.0,0.0,58.0,71.0,1.0,26.0,159.0,1353.0,77.03327619047536
433,kerala,2013,40.0,637.0,1.0,136.0,9.0,4.0,15.0,0.0,11.0,1024.0,1877.0,101.5991428571433
434,madhya pradesh,2013,114.0,2112.0,79.0,2262.0,16.0,124.0,21.0,3.0,6.0,3502.0,8247.0,70.66171428571465
435,maharashtra,2013,191.0,1546.0,17.0,1698.0,26.0,259.0,41.0,13.0,16.0,2595.0,6410.0,86.1260000000002
436,manipur,2013,3.0,40.0,0.0,56.0,0.0,0.0,22.0,0.0,0.0,2.0,123.0,81.52771428571464
437,meghalaya,2013,8.0,112.0,0.0,35.0,0.0,0.0,8.0,0.0,0.0,19.0,183.0,73.94748571428477
438,mizoram,2013,2.0,57.0,0.0,2.0,0.0,0.0,0.0,0.0,0.0,17.0,78.0,98.58685714285821
439,nagaland,2013,0.0,3.0,0.0,4.0,0.0,0.0,0.0,0.0,0.0,1.0,8.0,83.41171428571442
440,odisha,2013,28.0,509.0,1.0,366.0,1.0,0.0,79.0,0.0,0.0,139.0,1123.0,71.99085714285798
441,punjab,2013,30.0,490.0,12.0,690.0,0.0,8.0,1.0,0.0,0.0,98.0,1336.0,80.43640000000141
442,rajasthan,2013,64.0,892.0,34.0,1426.0,1.0,226.0,54.0,0.0,5.0,177.0,2888.0,66.15457142857122
443,sikkim,2013,0.0,25.0,0.0,14.0,0.0,0.0,0.0,0.0,0.0,0.0,39.0,87.45840000000044
444,tamil nadu,2013,83.0,419.0,1.0,499.0,2.0,2.0,0.0,0.0,56.0,113.0,1188.0,82.71525714285849
445,tripura,2013,9.0,43.0,0.0,21.0,0.0,0.0,0.0,0.0,1.0,26.0,100.0,90.09640000000172
446,uttar pradesh,2013,482.0,1381.0,17.0,6002.0,36.0,3.0,0.0,0.0,5.0,1921.0,9857.0,65.39857142857068
447,uttarakhand,2013,7.0,32.0,0.0,181.0,0.0,0.0,1.0,0.0,0.0,11.0,232.0,81.9328571428573
448,west bengal,2013,68.0,377.0,3.0,1388.0,5.0,1.0,486.0,69.0,43.0,89.0,2530.0,77.55714285714294
449,a&n islands,2013,0.0,21.0,1.0,12.0,0.0,2.0,0.0,0.0,0.0,18.0,54.0,92.04514285714095
450,chandigarh,2013,2.0,19.0,0.0,164.0,0.0,2.0,0.0,0.0,0.0,26.0,213.0,86.6496000000011
451,d&n haveli,2013,0.0,4.0,0.0,10.0,0.0,0.0,0.0,0.0,0.0,0.0,14.0,76.13099999999986
452,daman & diu,2013,1.0,4.0,0.0,8.0,0.0,0.0,0.0,0.0,0.0,1.0,14.0,88.36666666666656
453,delhi,2013,33.0,757.0,3.0,5809.0,1.0,56.0,0.0,0.0,1.0,537.0,7199.0,87.14525714286026
454,lakshadweep,2013,0.0,0.0,0.0,0.0,0.0,0.0,0.0,0.0,0.0,0.0,0.0,103.70999999999958
455,puducherry,2013,0.0,9.0,0.0,34.0,0.0,1.0,0.0,0.0,1.0,2.0,47.0,90.79864761904628
456,andhra pradesh,2014,45.0,477.0,0.0,600.0,8.0,26.0,37.0,0.0,16.0,380.0,2059.0,69.78659999999945
457,arunachal pradesh,2014,5.0,43.0,0.0,66.0,1.0,0.0,1.0,0.0,0.0,3.0,134.0,69.13419999999951
458,assam,2014,22.0,125.0,0.0,152.0,0.0,0.0,303.0,0.0,4.0,181.0,1385.0,73.97317857142912
459,bihar,2014,61.0,103.0,0.0,1585.0,0.0,1.0,280.0,2.0,10.0,97.0,2255.0,58.56196428571366
460,chhattisgarh,2014,50.0,806.0,5.0,1844.0,1.0,5.0,1.0,2.0,2.0,656.0,4358.0,72.1508571428567
461,goa,2014,3.0,57.0,0.0,134.0,1.0,3.0,0.0,0.0,0.0,78.0,330.0,97.21689285714456
462,gujarat,2014,82.0,291.0,0.0,2101.0,0.0,87.0,0.0,0.0,16.0,191.0,3219.0,80.71082142857244
463,haryana,2014,56.0,416.0,6.0,816.0,3.0,36.0,277.0,0.0,15.0,448.0,2540.0,82.43580000000202
464,himachal pradesh,2014,7.0,135.0,4.0,210.0,2.0,8.0,3.0,0.0,4.0,4.0,467.0,86.69100000000162
465,jammu & kashmir,2014,3.0,37.0,0.0,139.0,0.0,10.0,0.0,0.0,0.0,1.0,211.0,69.58333720930204
466,jharkhand,2014,8.0,78.0,1.0,94.0,0.0,0.0,12.0,0.0,1.0,25.0,423.0,64.94857142857086
467,karnataka,2014,87.0,694.0,0.0,1177.0,0.0,101.0,61.0,1.0,44.0,443.0,3416.0,77.96753333333254
468,kerala,2014,44.0,754.0,0.0,130.0,5.0,5.0,4.0,0.0,19.0,441.0,2391.0,102.42800000000057
469,madhya pradesh,2014,131.0,2352.0,30.0,6339.0,6.0,148.0,5.0,1.0,15.0,3282.0,15085.0,71.62792857142904
470,maharashtra,2014,195.0,1714.0,7.0,2616.0,19.0,225.0,7.0,4.0,14.0,877.0,8115.0,87.07596428571446
471,manipur,2014,9.0,38.0,0.0,69.0,0.0,0.0,0.0,0.0,0.0,7.0,137.0,82.53960714285768
472,meghalaya,2014,7.0,61.0,0.0,43.0,0.0,3.0,11.0,0.0,0.0,12.0,213.0,74.92979999999898
473,mizoram,2014,0.0,91.0,0.0,2.0,0.0,0.0,0.0,0.0,0.0,7.0,178.0,99.65332142857233
474,nagaland,2014,1.0,11.0,0.0,7.0,0.0,0.0,0.0,0.0,0.0,0.0,25.0,84.57025000000021
475,odisha,2014,23.0,753.0,0.0,800.0,0.0,1.0,74.0,0.0,0.0,120.0,2196.0,72.98021428571519
476,punjab,2014,42.0,476.0,10.0,871.0,0.0,35.0,5.0,0.0,2.0,51.0,1762.0,81.53360000000157
477,rajasthan,2014,73.0,825.0,24.0,1814.0,1.0,213.0,61.0,0.0,5.0,152.0,3880.0,67.13096428571407
478,sikkim,2014,1.0,40.0,0.0,17.0,0.0,0.0,0.0,0.0,0.0,0.0,93.0,89.07960000000003
479,tamil nadu,2014,103.0,0.0,0.0,390.0,1.0,1.0,0.0,0.0,47.0,268.0,2354.0,83.6036000000015
480,telangana,2014,70.0,583.0,2.0,634.0,2.0,43.0,26.0,1.0,13.0,76.0,1930.0,74.98807142857072
481,tripura,2014,21.0,122.0,0.0,88.0,0.0,0.0,0.0,0.0,1.0,3.0,369.0,91.44460000000163
482,uttar pradesh,2014,543.0,1538.0,11.0,5875.0,1.0,1.0,0.0,0.0,10.0,256.0,14835.0,66.30749999999921
483,uttarakhand,2014,11.0,84.0,1.0,275.0,0.0,0.0,0.0,0.0,0.0,5.0,489.0,83.04464285714312
484,west bengal,2014,64.0,0.0,0.0,2351.0,3.0,0.0,852.0,67.0,37.0,161.0,4909.0,78.42196428571424
485,a&n islands,2014,1.0,20.0,0.0,12.0,0.0,0.0,0.0,0.0,0.0,4.0,50.0,93.02128571428375
486,chandigarh,2014,0.0,32.0,1.0,130.0,0.0,3.0,0.0,0.0,0.0,12.0,208.0,87.03340000000105
487,d&n haveli,2014,1.0,2.0,0.0,8.0,0.0,0.0,0.0,0.0,0.0,0.0,11.0,77.54050000000007
488,daman & diu,2014,0.0,1.0,0.0,4.0,1.0,1.0,0.0,0.0,0.0,0.0,7.0,89.16166666666663
489,delhi,2014,48.0,1004.0,5.0,6452.0,1.0,27.0,0.0,4.0,2.0,242.0,9350.0,87.64360000000329
490,lakshadweep,2014,0.0,0.0,0.0,0.0,0.0,0.0,0.0,0.0,0.0,0.0,1.0,105.06321428571391
491,puducherry,2014,0.0,3.0,0.0,9.0,0.0,0.0,0.0,0.0,3.0,1.0,38.0,91.66773333333185
492,andhra pradesh,2015,44.0,489.0,0.0,497.0,1.0,27.0,33.0,0.0,15.0,298.0,1992.0,70.77308571428534
493,arunachal pradesh,2015,6.0,34.0,0.0,120.0,0.0,0.0,0.0,0.0,0.0,0.0,181.0,70.38131428571342
494,assam,2015,16.0,43.0,0.0,383.0,0.0,0.0,1303.0,0.0,14.0,131.0,2835.0,74.83221428571483
495,bihar,2015,97.0,116.0,0.0,1231.0,0.0,0.0,305.0,0.0,0.0,55.0,1917.0,59.30964285714231
496,chhattisgarh,2015,66.0,317.0,11.0,1846.0,8.0,21.0,2.0,2.0,6.0,804.0,4469.0,73.20257142857099
497,goa,2015,3.0,50.0,0.0,102.0,0.0,6.0,0.0,0.0,0.0,49.0,242.0,98.33264285714449
498,gujarat,2015,81.0,57.0,1.0,1589.0,0.0,60.0,1.0,0.0,9.0,138.0,3623.0,81.66907142857258
499,haryana,2015,50.0,261.0,14.0,1255.0,0.0,27.0,190.0,2.0,14.0,574.0,3262.0,83.74040000000241
500,himachal pradesh,2015,7.0,139.0,1.0,232.0,1.0,9.0,0.0,0.0,1.0,5.0,477.0,87.63800000000174
501,jammu & kashmir,2015,6.0,28.0,0.0,244.0,0.0,16.0,1.0,0.0,0.0,2.0,308.0,70.68634883720915
502,jharkhand,2015,8.0,24.0,1.0,110.0,0.0,0.0,27.0,0.0,1.0,10.0,406.0,65.81571428571351
503,karnataka,2015,108.0,0.0,1.0,1605.0,0.0,100.0,65.0,0.0,35.0,409.0,3961.0,78.90179047618972
504,kerala,2015,39.0,720.0,0.0,171.0,3.0,4.0,3.0,0.0,13.0,304.0,2384.0,103.25685714285783
505,madhya pradesh,2015,124.0,1568.0,17.0,5265.0,8.0,145.0,5.0,5.0,9.0,2542.0,12859.0,72.5941428571432
506,maharashtra,2015,207.0,2231.0,11.0,6960.0,13.0,219.0,6.0,1.0,24.0,1120.0,13921.0,88.02592857142872
507,manipur,2015,5.0,13.0,0.0,52.0,0.0,1.0,0.0,0.0,0.0,8.0,110.0,83.55150000000049
508,meghalaya,2015,5.0,38.0,0.0,48.0,0.0,1.0,18.0,0.0,0.0,15.0,257.0,75.91211428571319
509,mizoram,2015,3.0,30.0,0.0,9.0,0.0,0.0,0.0,0.0,0.0,1.0,186.0,100.71978571428644
510,nagaland,2015,2.0,8.0,0.0,40.0,0.0,0.0,0.0,0.0,0.0,1.0,61.0,85.728785714286
511,odisha,2015,20.0,1052.0,0.0,986.0,0.0,1.0,7.0,0.0,1.0,104.0,2562.0,73.96957142857241
512,punjab,2015,45.0,462.0,10.0,937.0,2.0,41.0,6.0,0.0,5.0,54.0,1836.0,82.63080000000127
513,rajasthan,2015,59.0,728.0,13.0,1690.0,1.0,141.0,38.0,0.0,6.0,164.0,3689.0,68.10735714285693
514,sikkim,2015,0.0,1.0,0.0,2.0,0.0,0.0,0.0,0.0,0.0,1.0,64.0,90.70080000000007
515,tamil nadu,2015,87.0,0.0,0.0,398.0,1.0,2.0,9.0,0.0,77.0,396.0,2617.0,84.4919428571443
516,telangana,2015,72.0,705.0,2.0,608.0,0.0,28.0,42.0,0.0,15.0,381.0,2697.0,75.89814285714215
517,tripura,2015,4.0,98.0,0.0,92.0,1.0,0.0,14.0,0.0,2.0,7.0,255.0,92.79280000000153
518,uttar pradesh,2015,474.0,594.0,12.0,5913.0,8.0,3.0,1.0,4.0,4.0,231.0,11420.0,67.21642857142774
519,uttarakhand,2015,8.0,52.0,0.0,444.0,0.0,0.0,1.0,0.0,1.0,2.0,635.0,84.15642857142848
520,west bengal,2015,53.0,0.0,0.0,1951.0,4.0,0.0,1003.0,91.0,40.0,237.0,4963.0,79.28678571428577
521,a&n islands,2015,1.0,26.0,0.0,28.0,0.0,2.0,0.0,0.0,1.0,30.0,102.0,93.99742857142655
522,chandigarh,2015,1.0,41.0,0.0,164.0,0.0,6.0,7.0,0.0,0.0,2.0,271.0,87.41720000000112
523,d&n haveli,2015,2.0,2.0,0.0,14.0,0.0,2.0,0.0,0.0,0.0,2.0,35.0,78.94999999999982
524,daman & diu,2015,1.0,0.0,0.0,21.0,0.0,0.0,0.0,0.0,0.0,0.0,28.0,89.9566666666667
525,delhi,2015,54.0,927.0,3.0,6881.0,0.0,23.0,0.0,6.0,0.0,231.0,9489.0,88.1419428571462
526,lakshadweep,2015,0.0,0.0,0.0,0.0,0.0,0.0,0.0,0.0,0.0,1.0,2.0,106.41642857142824
527,puducherry,2015,0.0,0.0,0.0,5.0,0.0,0.0,0.0,0.0,0.0,2.0,56.0,92.53681904761743
